ingredient,alergens_eu,dietes
llimona,-,"VG, V, HALAL_POT, KOSHER_POT"
formatge parmesà,Llet,"V, HALAL_POT"
sal d'all,-,"VG, V, HALAL_POT, KOSHER_POT"
maionesa,-,"V, HALAL_POT, KOSHER_POT"
llet,Llet,"V, HALAL_POT, KOSHER_POT"
oli,-,"VG, V, HALAL_POT, KOSHER_POT"
xocolata,-,"VG, V, HALAL_POT, KOSHER_POT"
sucre,-,"VG, V, HALAL_POT, KOSHER_POT"
ou,Ous,"V, HALAL_POT, KOSHER_POT"
farina,Gluten,"VG, V, HALAL_POT, KOSHER_POT"
sal,-,"VG, V, HALAL_POT, KOSHER_POT"
bicarbonat,-,"VG, V, HALAL_POT, KOSHER_POT"
extracte de vainilla,-,"VG, V, HALAL_POT, KOSHER_POT"
aigua,-,"VG, V, HALAL_POT, KOSHER_POT"
fruits secs,Fruits secs,"VG, V, HALAL_POT, KOSHER_POT"
formatge fresc,Llet,"V, HALAL_POT"
mantega,Llet,"V, HALAL_POT, KOSHER_POT"
llevat químic,-,"VG, V, HALAL_POT, KOSHER_POT"
vainilla,-,"VG, V, HALAL_POT, KOSHER_POT"
cacau,-,"VG, V, HALAL_POT, KOSHER_POT"
nata,Llet,"V, HALAL_POT, KOSHER_POT"
fideus,Gluten,"VG, V, HALAL_POT, KOSHER_POT"
xampinyons,-,"VG, V, HALAL_POT, KOSHER_POT"
ceba,-,"VG, V, HALAL_POT, KOSHER_POT"
vedella,-,
pebre,-,"VG, V, HALAL_POT, KOSHER_POT"
all,-,"VG, V, HALAL_POT, KOSHER_POT"
paprika,-,"VG, V, HALAL_POT, KOSHER_POT"
julivert,-,"VG, V, HALAL_POT, KOSHER_POT"
pollastre,-,
espècies,-,"VG, V, HALAL_POT, KOSHER_POT"
farigola,-,"VG, V, HALAL_POT, KOSHER_POT"
romaní,-,"VG, V, HALAL_POT, KOSHER_POT"
farina de blat de moro,-,"VG, V, HALAL_POT, KOSHER_POT"
oli de palma,-,"VG, V, HALAL_POT, KOSHER_POT"
pebrot,-,"VG, V, HALAL_POT, KOSHER_POT"
cassava,-,"VG, V, HALAL_POT, KOSHER_POT"
coco,-,"VG, V, HALAL_POT, KOSHER_POT"
nou de palma,Fruits secs,"VG, V, HALAL_POT, KOSHER_POT"
cacauets,Cacauets,"VG, V, HALAL_POT, KOSHER_POT"
fruita de palma,-,"VG, V, HALAL_POT, KOSHER_POT"
peix,Peix,"HALAL_POT, KOSHER_POT"
marisc,-,HALAL_POT
carn,-,"VG, V, HALAL_POT, KOSHER_POT"
brou,-,"VG, V, HALAL_POT, KOSHER_POT"
cranc sec,Crustacis,HALAL_POT
fulles,-,"VG, V, HALAL_POT, KOSHER_POT"
blat de moro,-,"VG, V, HALAL_POT, KOSHER_POT"
gambes,Crustacis,HALAL_POT
peix fumat,Peix,"HALAL_POT, KOSHER_POT"
mongetes,-,"VG, V, HALAL_POT, KOSHER_POT"
peix sec,Peix,"HALAL_POT, KOSHER_POT"
potassa,-,"VG, V, HALAL_POT, KOSHER_POT"
llavors fermentades,-,"VG, V, HALAL_POT, KOSHER_POT"
tomàquet,-,"VG, V, HALAL_POT, KOSHER_POT"
carn de cabra,-,
achi,-,"VG, V, HALAL_POT, KOSHER_POT"
pèsols,-,"VG, V, HALAL_POT, KOSHER_POT"
taro,-,"VG, V, HALAL_POT, KOSHER_POT"
àcid cítric,-,"VG, V, HALAL_POT, KOSHER_POT"
salmó,Peix,"HALAL_POT, KOSHER_POT"
clares d'ou,Ous,"V, HALAL_POT, KOSHER_POT"
carbassa,-,"VG, V, HALAL_POT, KOSHER_POT"
melmelada,-,"VG, V, HALAL_POT, KOSHER_POT"
vinagre,-,"VG, V, HALAL_POT, KOSHER_POT"
salsa de soja,Soja,"VG, V, HALAL_POT, KOSHER_POT"
clau,-,"VG, V, HALAL_POT, KOSHER_POT"
llorer,-,"VG, V, HALAL_POT, KOSHER_POT"
pasta,Gluten,"VG, V, HALAL_POT, KOSHER_POT"
formatge,Llet,"V, HALAL_POT"
salsa picant,-,"VG, V, HALAL_POT, KOSHER_POT"
gelat,-,"V, HALAL_POT, KOSHER_POT"
cafè,-,"VG, V, HALAL_POT, KOSHER_POT"
nou moscada,-,"VG, V, HALAL_POT, KOSHER_POT"
nyam,-,"VG, V, HALAL_POT, KOSHER_POT"
api,Api,"VG, V, HALAL_POT, KOSHER_POT"
col,-,"VG, V, HALAL_POT, KOSHER_POT"
patata,-,"VG, V, HALAL_POT, KOSHER_POT"
pastanaga,-,"VG, V, HALAL_POT, KOSHER_POT"
abacha,-,"VG, V, HALAL_POT, KOSHER_POT"
albergínia,-,"VG, V, HALAL_POT, KOSHER_POT"
ugba,-,"VG, V, HALAL_POT, KOSHER_POT"
ogiri,-,"VG, V, HALAL_POT, KOSHER_POT"
agar,-,"VG, V, HALAL_POT, KOSHER_POT"
extracte d'ametlla,Fruits secs,"VG, V, HALAL_POT, KOSHER_POT"
fruita,-,"VG, V, HALAL_POT, KOSHER_POT"
almívar,-,"VG, V, HALAL_POT, KOSHER_POT"
ager,-,"VG, V, HALAL_POT, KOSHER_POT"
ossos,-,"VG, V, HALAL_POT, KOSHER_POT"
chili,-,"VG, V, HALAL_POT, KOSHER_POT"
pa,Gluten,"VG, V, HALAL_POT, KOSHER_POT"
arròs,-,"VG, V, HALAL_POT, KOSHER_POT"
olives,-,"VG, V, HALAL_POT, KOSHER_POT"
herbes,-,"VG, V, HALAL_POT, KOSHER_POT"
akamu,-,"VG, V, HALAL_POT, KOSHER_POT"
pa ratllat,Gluten,"VG, V, HALAL_POT, KOSHER_POT"
menta,-,"VG, V, HALAL_POT, KOSHER_POT"
orenga,-,"VG, V, HALAL_POT, KOSHER_POT"
nous,Fruits secs,"VG, V, HALAL_POT, KOSHER_POT"
rovell d'ou,Ous,"V, HALAL_POT, KOSHER_POT"
figues,-,"VG, V, HALAL_POT, KOSHER_POT"
canyella,-,"VG, V, HALAL_POT, KOSHER_POT"
pasta filo,Gluten,"VG, V, HALAL_POT, KOSHER_POT"
espinacs,-,"VG, V, HALAL_POT, KOSHER_POT"
ceba tendra,-,"VG, V, HALAL_POT, KOSHER_POT"
nap,-,"VG, V, HALAL_POT, KOSHER_POT"
porro,-,"VG, V, HALAL_POT, KOSHER_POT"
proteïna vegetal,-,"VG, V, HALAL_POT, KOSHER_POT"
mostassa,Mostassa,"VG, V, HALAL_POT, KOSHER_POT"
cervesa,Gluten,"VG, V, KOSHER_POT"
midó de blat de moro,-,"VG, V, HALAL_POT, KOSHER_POT"
dulce de leche,-,"VG, V, HALAL_POT, KOSHER_POT"
sèmola,Gluten,"VG, V, HALAL_POT, KOSHER_POT"
llevat,-,"VG, V, HALAL_POT, KOSHER_POT"
cigrons,-,"VG, V, HALAL_POT, KOSHER_POT"
xai,-,
curri,-,"VG, V, HALAL_POT, KOSHER_POT"
verdures,-,"VG, V, HALAL_POT, KOSHER_POT"
cuscús,Gluten,"VG, V, HALAL_POT, KOSHER_POT"
gingebre,-,"VG, V, HALAL_POT, KOSHER_POT"
cúrcuma,-,"VG, V, HALAL_POT, KOSHER_POT"
comí,-,"VG, V, HALAL_POT, KOSHER_POT"
coriandre,-,"VG, V, HALAL_POT, KOSHER_POT"
ametlles,Fruits secs,"VG, V, HALAL_POT, KOSHER_POT"
sucre llustre,-,"VG, V, HALAL_POT, KOSHER_POT"
ametlla,Fruits secs,"VG, V, HALAL_POT, KOSHER_POT"
aigua de roses,-,"VG, V, HALAL_POT, KOSHER_POT"
clara d'ou,Ous,"V, HALAL_POT, KOSHER_POT"
dàtils,-,"VG, V, HALAL_POT, KOSHER_POT"
llevat de sodi,-,"VG, V, HALAL_POT, KOSHER_POT"
mango,-,"VG, V, HALAL_POT, KOSHER_POT"
bacó,-,
vi,-,"VG, V, HALAL_POT"
cranc,Crustacis,HALAL_POT
farina de nyam,Gluten,"VG, V, HALAL_POT, KOSHER_POT"
farina de plàtan,Gluten,"VG, V, HALAL_POT, KOSHER_POT"
nata agra,Llet,"V, HALAL_POT, KOSHER_POT"
marshmallows,-,"VG, V, HALAL_POT, KOSHER_POT"
alfàbrega,-,"VG, V, HALAL_POT, KOSHER_POT"
relish,-,"VG, V, HALAL_POT, KOSHER_POT"
fetge,-,"VG, V, HALAL_POT, KOSHER_POT"
midó,-,"VG, V, HALAL_POT, KOSHER_POT"
anxoves,Peix,"HALAL_POT, KOSHER_POT"
mel,-,"V, HALAL_POT, KOSHER_POT"
vi blanc,-,"VG, V"
ostres,Mol·luscs,HALAL_POT
anís,-,"VG, V, KOSHER_POT"
civada,Gluten,"VG, V, HALAL_POT, KOSHER_POT"
poma,-,"VG, V, HALAL_POT, KOSHER_POT"
melassa,-,"VG, V, HALAL_POT, KOSHER_POT"
pell de cítric,-,"VG, V, HALAL_POT, KOSHER_POT"
raïm sec,-,"VG, V, HALAL_POT, KOSHER_POT"
nata muntada,Llet,"V, HALAL_POT, KOSHER_POT"
sucre morè,-,"VG, V, HALAL_POT, KOSHER_POT"
pernil,-,
poma seca,-,"VG, V, HALAL_POT, KOSHER_POT"
cola,-,"VG, V, HALAL_POT, KOSHER_POT"
porc,-,
gelatina,-,
greix,-,"VG, V, HALAL_POT, KOSHER_POT"
panses,-,"VG, V, HALAL_POT, KOSHER_POT"
tapioca,-,"VG, V, HALAL_POT, KOSHER_POT"
pera,-,"VG, V, HALAL_POT, KOSHER_POT"
compota de poma,-,"VG, V, HALAL_POT, KOSHER_POT"
fusta,-,"VG, V, HALAL_POT, KOSHER_POT"
iogurt,Llet,"V, HALAL_POT, KOSHER_POT"
albercoc,-,"VG, V, HALAL_POT, KOSHER_POT"
cítrics,-,"VG, V, HALAL_POT, KOSHER_POT"
seu de vedella,-,
cereals,-,"VG, V, HALAL_POT, KOSHER_POT"
ghee,-,"VG, V, HALAL_POT, KOSHER_POT"
sípi,-,"VG, V, HALAL_POT, KOSHER_POT"
tinta,-,"VG, V, HALAL_POT, KOSHER_POT"
salsa,-,"VG, V, HALAL_POT, KOSHER_POT"
ànec,-,
soja,Soja,"VG, V, HALAL_POT, KOSHER_POT"
cilantre,-,"VG, V, HALAL_POT, KOSHER_POT"
bròquil,-,"VG, V, HALAL_POT, KOSHER_POT"
sèsam,Sèsam,"VG, V, HALAL_POT, KOSHER_POT"
dolç,-,"VG, V, HALAL_POT, KOSHER_POT"
espàrrecs,-,"VG, V, HALAL_POT, KOSHER_POT"
cabra,-,
edulcorant,-,"VG, V, HALAL_POT, KOSHER_POT"
moniato,-,"VG, V, HALAL_POT, KOSHER_POT"
puré,-,"VG, V, HALAL_POT, KOSHER_POT"
ceba caramel·litzada,-,"VG, V, HALAL_POT, KOSHER_POT"
sebaki,-,"VG, V, HALAL_POT, KOSHER_POT"
iuca,-,"VG, V, HALAL_POT, KOSHER_POT"
tahina,Sèsam,"VG, V, HALAL_POT, KOSHER_POT"
curry,-,"VG, V, HALAL_POT, KOSHER_POT"
oliva,-,"VG, V, HALAL_POT, KOSHER_POT"
ketchup,-,"VG, V, HALAL_POT, KOSHER_POT"
brie,Llet,"V, HALAL_POT"
sumac,-,"VG, V, HALAL_POT, KOSHER_POT"
pinyons,Fruits secs,"VG, V, HALAL_POT, KOSHER_POT"
tàperes,-,"VG, V, HALAL_POT, KOSHER_POT"
tomàquet concentrat,-,"VG, V, HALAL_POT, KOSHER_POT"
carn picada,-,"VG, V, HALAL_POT, KOSHER_POT"
halibut,-,"HALAL_POT, KOSHER_POT"
brou de peix,Peix,"HALAL_POT, KOSHER_POT"
ricotta,Llet,"V, HALAL_POT"
mozzarella,Llet,"V, HALAL_POT"
costelles de porc,-,
mantega o nata agra,Llet,"V, HALAL_POT, KOSHER_POT"
tilàpia,-,"HALAL_POT, KOSHER_POT"
salsa de tomàquet,-,"VG, V, HALAL_POT, KOSHER_POT"
parmesà,Llet,"V, HALAL_POT"
pebre vermell,-,"VG, V, HALAL_POT, KOSHER_POT"
festucs,Fruits secs,"VG, V, HALAL_POT, KOSHER_POT"
caiena,-,"VG, V, HALAL_POT, KOSHER_POT"
espècies suya,-,"VG, V, HALAL_POT, KOSHER_POT"
vinagre balsàmic,-,"VG, V, HALAL_POT, KOSHER_POT"
enciam,-,"VG, V, HALAL_POT, KOSHER_POT"
formatge brie,Llet,"V, HALAL_POT"
plàtan,-,"VG, V, HALAL_POT, KOSHER_POT"
melmelada de rosa,-,"VG, V, HALAL_POT, KOSHER_POT"
caramel,-,"VG, V, HALAL_POT, KOSHER_POT"
rom,-,"VG, V, KOSHER_POT"
gelat de vainilla,-,"V, HALAL_POT, KOSHER_POT"
gel,-,"VG, V, HALAL_POT, KOSHER_POT"
licor,-,"VG, V, KOSHER_POT"
colorant,-,"VG, V, HALAL_POT, KOSHER_POT"
massa de pastís,Gluten,"VG, V, HALAL_POT, KOSHER_POT"
merenga,-,"VG, V, HALAL_POT, KOSHER_POT"
púding de plàtan,-,"VG, V, HALAL_POT, KOSHER_POT"
galeta,Gluten,"VG, V, HALAL_POT, KOSHER_POT"
galetes,Gluten,"VG, V, HALAL_POT, KOSHER_POT"
cub de brou,-,"VG, V, HALAL_POT, KOSHER_POT"
formatge cremós,Llet,"V, HALAL_POT"
extractes,-,"VG, V, HALAL_POT, KOSHER_POT"
espirulina,-,"VG, V, HALAL_POT, KOSHER_POT"
llet d'arròs,-,"V, HALAL_POT, KOSHER_POT"
xarop,-,"VG, V, HALAL_POT, KOSHER_POT"
gelat de maduixa,-,"V, HALAL_POT, KOSHER_POT"
gelat de xocolata,-,"V, HALAL_POT, KOSHER_POT"
decoracions,-,"VG, V, HALAL_POT, KOSHER_POT"
cirera,-,"VG, V, HALAL_POT, KOSHER_POT"
fulles aromàtiques,-,"VG, V, HALAL_POT, KOSHER_POT"
salsitxes,-,"VG, V, HALAL_POT, KOSHER_POT"
puré de patata,-,"VG, V, HALAL_POT, KOSHER_POT"
llima,-,"VG, V, HALAL_POT, KOSHER_POT"
llet condensada,Llet,"V, HALAL_POT, KOSHER_POT"
oli de sèsam,Sèsam,"VG, V, HALAL_POT, KOSHER_POT"
salsa worcestershire,-,"VG, V, HALAL_POT, KOSHER_POT"
xili,-,"VG, V, HALAL_POT, KOSHER_POT"
salsa barbacoa,-,"VG, V, HALAL_POT, KOSHER_POT"
fusta de mesquite,-,"VG, V, HALAL_POT, KOSHER_POT"
fusta d'hickory,-,"VG, V, HALAL_POT, KOSHER_POT"
xipotle,-,"VG, V, HALAL_POT, KOSHER_POT"
margarina,-,"VG, V, HALAL_POT, KOSHER_POT"
hoisin,-,"VG, V, HALAL_POT, KOSHER_POT"
sake,-,"VG, V, HALAL_POT, KOSHER_POT"
brou de porc,-,
sucre o oli (opcional),-,"VG, V, HALAL_POT, KOSHER_POT"
xarop daurat,-,"VG, V, HALAL_POT, KOSHER_POT"
ricotta o mozzarella o cheddar,Llet,"V, HALAL_POT"
pebre blanc,-,"VG, V, HALAL_POT, KOSHER_POT"
claus,-,"VG, V, HALAL_POT, KOSHER_POT"
pebre de Jamaica,-,"VG, V, HALAL_POT, KOSHER_POT"
fennel,-,"VG, V, HALAL_POT, KOSHER_POT"
carbassó,-,"VG, V, HALAL_POT, KOSHER_POT"
líquid,-,"VG, V, HALAL_POT, KOSHER_POT"
polenta,-,"VG, V, HALAL_POT, KOSHER_POT"
aroma,-,"VG, V, HALAL_POT, KOSHER_POT"
fulles de cury,-,"VG, V, HALAL_POT, KOSHER_POT"
farina de cigró,-,"VG, V, HALAL_POT, KOSHER_POT"
guilindillas,-,"VG, V, HALAL_POT, KOSHER_POT"
massa,Gluten,"VG, V, HALAL_POT, KOSHER_POT"
pinya,-,"VG, V, HALAL_POT, KOSHER_POT"
salsa verda,-,"VG, V, HALAL_POT, KOSHER_POT"
crema agra,Llet,"V, HALAL_POT, KOSHER_POT"
parsul,-,"VG, V, HALAL_POT, KOSHER_POT"
brou vegetal,-,"VG, V, HALAL_POT, KOSHER_POT"
espelta,Gluten,"VG, V, HALAL_POT, KOSHER_POT"
ordi,Gluten,"VG, V, HALAL_POT, KOSHER_POT"
gizzard,-,"VG, V, HALAL_POT, KOSHER_POT"
Guinness,-,"VG, V, HALAL_POT, KOSHER_POT"
bolets,-,"VG, V, HALAL_POT, KOSHER_POT"
crema,Llet,"V, HALAL_POT, KOSHER_POT"
cayenna,-,"VG, V, HALAL_POT, KOSHER_POT"
chipotle,-,"VG, V, HALAL_POT, KOSHER_POT"
lima,-,"VG, V, HALAL_POT, KOSHER_POT"
mango chutney,-,"VG, V, HALAL_POT, KOSHER_POT"
tortilla,-,"VG, V, HALAL_POT, KOSHER_POT"
guacamole,-,"VG, V, HALAL_POT, KOSHER_POT"
arrels,-,"VG, V, HALAL_POT, KOSHER_POT"
cor de vedella,-,
fum líquid,-,"VG, V, HALAL_POT, KOSHER_POT"
cardamom,-,"VG, V, HALAL_POT, KOSHER_POT"
timó,-,"VG, V, HALAL_POT, KOSHER_POT"
llaurer,-,"VG, V, HALAL_POT, KOSHER_POT"
marjoram,-,"VG, V, HALAL_POT, KOSHER_POT"
porros,-,"VG, V, HALAL_POT, KOSHER_POT"
llengua,-,"VG, V, HALAL_POT, KOSHER_POT"
blat,Gluten,"VG, V, HALAL_POT, KOSHER_POT"
suya,-,"VG, V, HALAL_POT, KOSHER_POT"
mirin,-,"VG, V, HALAL_POT, KOSHER_POT"
cerveza,-,"VG, V, HALAL_POT, KOSHER_POT"
remolatxa,-,"VG, V, HALAL_POT, KOSHER_POT"
sriracha,-,"VG, V, HALAL_POT, KOSHER_POT"
fenoll,-,"VG, V, HALAL_POT, KOSHER_POT"
garam masala,-,"VG, V, HALAL_POT, KOSHER_POT"
pebre negre,-,"VG, V, HALAL_POT, KOSHER_POT"
pepper,-,"VG, V, HALAL_POT, KOSHER_POT"
llocust beans,-,"VG, V, HALAL_POT, KOSHER_POT"
bitterleaf,-,"VG, V, HALAL_POT, KOSHER_POT"
coagulant,-,"VG, V, HALAL_POT, KOSHER_POT"
faves,-,"VG, V, HALAL_POT, KOSHER_POT"
brou de soja,Soja,"VG, V, HALAL_POT, KOSHER_POT"
pruna,-,"VG, V, HALAL_POT, KOSHER_POT"
arròs inflat,-,"VG, V, HALAL_POT, KOSHER_POT"
sev,-,"VG, V, HALAL_POT, KOSHER_POT"
tamarinde,-,"VG, V, HALAL_POT, KOSHER_POT"
dàtil,-,"VG, V, HALAL_POT, KOSHER_POT"
llenties,-,"VG, V, HALAL_POT, KOSHER_POT"
vitxella,-,"VG, V, HALAL_POT, KOSHER_POT"
kimchi,-,"VG, V, HALAL_POT, KOSHER_POT"
cogombre,-,"VG, V, HALAL_POT, KOSHER_POT"
gochujang,-,"VG, V, HALAL_POT, KOSHER_POT"
bagoong,-,"VG, V, HALAL_POT, KOSHER_POT"
llet de coco,-,"VG, V, HALAL_POT, KOSHER_POT"
col fermentada,-,"VG, V, HALAL_POT, KOSHER_POT"
salsitxa,-,
llavors,-,"VG, V, HALAL_POT, KOSHER_POT"
caraway,-,"VG, V, HALAL_POT, KOSHER_POT"
bisó,-,"VG, V, HALAL_POT, KOSHER_POT"
basil,-,"VG, V, HALAL_POT, KOSHER_POT"
fideu,-,"VG, V, HALAL_POT, KOSHER_POT"
tomatillo,-,"VG, V, HALAL_POT, KOSHER_POT"
salsa soja,Soja,"VG, V, HALAL_POT, KOSHER_POT"
gerds,-,"VG, V, HALAL_POT, KOSHER_POT"
galetes de xocolata,Gluten,"VG, V, HALAL_POT, KOSHER_POT"
melmelada de cireres,-,"VG, V, HALAL_POT, KOSHER_POT"
mongetes d'ulls negres,-,"VG, V, HALAL_POT, KOSHER_POT"
pebre de Caiena,-,"VG, V, HALAL_POT, KOSHER_POT"
col verda,-,"VG, V, HALAL_POT, KOSHER_POT"
pebrot verd,-,"VG, V, HALAL_POT, KOSHER_POT"
pebrot vermell,-,"VG, V, HALAL_POT, KOSHER_POT"
móres,-,"VG, V, HALAL_POT, KOSHER_POT"
farina d'ametlla,Fruits secs,"VG, V, HALAL_POT, KOSHER_POT"
oli de coco,-,"VG, V, HALAL_POT, KOSHER_POT"
tahí d'ametlla,Fruits secs,"VG, V, HALAL_POT, KOSHER_POT"
espècia Cajun,-,"VG, V, HALAL_POT, KOSHER_POT"
formatge blau,Llet,"V, HALAL_POT"
nabius,-,"VG, V, HALAL_POT, KOSHER_POT"
llet fermentat,Llet,"V, HALAL_POT, KOSHER_POT"
melmelada de gerds,-,"VG, V, HALAL_POT, KOSHER_POT"
préssecs,-,"VG, V, HALAL_POT, KOSHER_POT"
crema pastissera,Llet,"V, HALAL_POT, KOSHER_POT"
fruit sec,-,"VG, V, HALAL_POT, KOSHER_POT"
chutney,-,"VG, V, HALAL_POT, KOSHER_POT"
ovella,-,"VG, V, HALAL_POT, KOSHER_POT"
vedella de vedella,-,
greix de porc,-,
espècia de Carib,-,"VG, V, HALAL_POT, KOSHER_POT"
brandi,-,"VG, V"
tripa,-,
ordi perlat,Gluten,"VG, V, HALAL_POT, KOSHER_POT"
mantega clarificada,Llet,"V, HALAL_POT, KOSHER_POT"
cocoyam,-,"VG, V, HALAL_POT, KOSHER_POT"
carn fumat,-,"VG, V, HALAL_POT, KOSHER_POT"
llagosta,Mol·luscs,HALAL_POT
pebre Caiena,-,"VG, V, HALAL_POT, KOSHER_POT"
bouillon,-,"VG, V, HALAL_POT, KOSHER_POT"
oli vegetal,-,"VG, V, HALAL_POT, KOSHER_POT"
curri nigerià,-,"VG, V, HALAL_POT, KOSHER_POT"
patates,-,"VG, V, HALAL_POT, KOSHER_POT"
pèsols grocs partits,-,"VG, V, HALAL_POT, KOSHER_POT"
taronja,-,"VG, V, HALAL_POT, KOSHER_POT"
whisky,-,"VG, V, KOSHER_POT"
xoriço,-,
adobo,-,"VG, V, HALAL_POT, KOSHER_POT"
safrà,-,"VG, V, HALAL_POT, KOSHER_POT"
oregà,-,"VG, V, HALAL_POT, KOSHER_POT"
càperes,-,"VG, V, HALAL_POT, KOSHER_POT"
sazon,-,"VG, V, HALAL_POT, KOSHER_POT"
vi negre,-,"VG, V"
farina d'arròs,-,"VG, V, HALAL_POT, KOSHER_POT"
paringel,-,"VG, V, HALAL_POT, KOSHER_POT"
cacauet,Cacauets,"VG, V, HALAL_POT, KOSHER_POT"
sal roca,-,"VG, V, HALAL_POT, KOSHER_POT"
anet,-,"VG, V, HALAL_POT, KOSHER_POT"
ron,-,"VG, V, HALAL_POT, KOSHER_POT"
farina de matzo,Gluten,"VG, V, HALAL_POT, KOSHER_POT"
massa vol-au-vent,Gluten,"VG, V, HALAL_POT, KOSHER_POT"
shallot,-,"VG, V, HALAL_POT, KOSHER_POT"
crema fresca,Llet,"V, HALAL_POT, KOSHER_POT"
bouquet garni,-,"VG, V, HALAL_POT, KOSHER_POT"
peix variat,Peix,"HALAL_POT, KOSHER_POT"
pop,Mol·luscs,HALAL_POT
eriçó de mar,-,"VG, V, HALAL_POT, KOSHER_POT"
fustes aromàtiques,-,"VG, V, HALAL_POT, KOSHER_POT"
mongeta okra,-,"VG, V, HALAL_POT, KOSHER_POT"
cayena,-,"VG, V, HALAL_POT, KOSHER_POT"
bourbon,-,"VG, V, HALAL_POT, KOSHER_POT"
buthtermilk,-,"VG, V, HALAL_POT, KOSHER_POT"
carn o marisc,-,HALAL_POT
costelles de vedella,-,
cansalada,-,"VG, V, HALAL_POT, KOSHER_POT"
costelles,-,"VG, V, HALAL_POT, KOSHER_POT"
grassa de bacó,-,
branca de blat,Gluten,"VG, V, HALAL_POT, KOSHER_POT"
costella de porc,-,
filet mignon,-,"VG, V, HALAL_POT, KOSHER_POT"
ham,-,"VG, V, HALAL_POT, KOSHER_POT"
vedella seca,-,
paó,-,"VG, V, HALAL_POT, KOSHER_POT"
cigró negre,-,"VG, V, HALAL_POT, KOSHER_POT"
lletuga,-,"VG, V, HALAL_POT, KOSHER_POT"
gamba,Crustacis,HALAL_POT
yuca,-,"VG, V, HALAL_POT, KOSHER_POT"
cilantro,-,"VG, V, HALAL_POT, KOSHER_POT"
puri,-,"VG, V, HALAL_POT, KOSHER_POT"
fetge de pollastre,-,
cornflakes,-,"VG, V, HALAL_POT, KOSHER_POT"
bacon,-,
salsa holandesa,-,"VG, V, HALAL_POT, KOSHER_POT"
pa de blat de moro,-,"VG, V, HALAL_POT, KOSHER_POT"
formatge jack,Llet,"V, HALAL_POT"
granola,-,"VG, V, HALAL_POT, KOSHER_POT"
te,-,"VG, V, HALAL_POT, KOSHER_POT"
farina sense gluten,Gluten,"VG, V, HALAL_POT, KOSHER_POT"
coliflor,-,"VG, V, HALAL_POT, KOSHER_POT"
leche condensada,-,"VG, V, HALAL_POT, KOSHER_POT"
spinkles,-,"VG, V, HALAL_POT, KOSHER_POT"
fruita seca,-,"VG, V, HALAL_POT, KOSHER_POT"
brou de pollastre,-,
sobres de sopa,-,"VG, V, HALAL_POT, KOSHER_POT"
soia,-,"VG, V, HALAL_POT, KOSHER_POT"
llet vegetal,Llet,"VG, V, HALAL_POT, KOSHER_POT"
arròs integral,-,"VG, V, HALAL_POT, KOSHER_POT"
llavors de carbassa,-,"VG, V, HALAL_POT, KOSHER_POT"
dindi,-,
teriyaki,-,"VG, V, HALAL_POT, KOSHER_POT"
boniato,-,"VG, V, HALAL_POT, KOSHER_POT"
flocs de llavors,-,"VG, V, HALAL_POT, KOSHER_POT"
pell de taronja,-,"VG, V, HALAL_POT, KOSHER_POT"
poma espècies,-,"VG, V, HALAL_POT, KOSHER_POT"
brou de vedella,-,
vino de Madeira,-,"VG, V, HALAL_POT"
consomé,-,"VG, V, HALAL_POT, KOSHER_POT"
formatge bryndza,Llet,"V, HALAL_POT"
farina glutinosa,Gluten,"VG, V, HALAL_POT, KOSHER_POT"
grassa,-,"VG, V, HALAL_POT, KOSHER_POT"
verdures cuinades,-,"VG, V, HALAL_POT, KOSHER_POT"
boba,-,"VG, V, HALAL_POT, KOSHER_POT"
te negre,-,"VG, V, HALAL_POT, KOSHER_POT"
farina de tapioca,-,"VG, V, HALAL_POT, KOSHER_POT"
gula jawa,-,"VG, V, HALAL_POT, KOSHER_POT"
pandan,-,"VG, V, HALAL_POT, KOSHER_POT"
arròs negre glutinós,-,"VG, V, HALAL_POT, KOSHER_POT"
pepin,-,"VG, V, HALAL_POT, KOSHER_POT"
mantega de cacauet,"Cacauets, Llet","V, HALAL_POT, KOSHER_POT"
xips de xocolata,-,"VG, V, HALAL_POT, KOSHER_POT"
bated,-,"VG, V, HALAL_POT, KOSHER_POT"
maionesa de formatge,Llet,"V, HALAL_POT"
ales de pollastre,-,
néré,-,"VG, V, HALAL_POT, KOSHER_POT"
vedella picada,-,
herbes seques,-,"VG, V, HALAL_POT, KOSHER_POT"
bulgur,Gluten,"VG, V, HALAL_POT, KOSHER_POT"
ous,Ous,"V, HALAL_POT, KOSHER_POT"
amanida,-,"VG, V, HALAL_POT, KOSHER_POT"
encurtits,-,"VG, V, HALAL_POT, KOSHER_POT"
okra,-,"VG, V, HALAL_POT, KOSHER_POT"
mongeta,-,"VG, V, HALAL_POT, KOSHER_POT"
galanga,-,"VG, V, HALAL_POT, KOSHER_POT"
pasta de gamba,"Gluten, Crustacis",HALAL_POT
salsa de peix,Peix,"HALAL_POT, KOSHER_POT"
mongetes negres,-,"VG, V, HALAL_POT, KOSHER_POT"
greix vegetal,-,"VG, V, HALAL_POT, KOSHER_POT"
xarop de blat de moro,-,"VG, V, HALAL_POT, KOSHER_POT"
nous de Califòrnia,Fruits secs,"VG, V, HALAL_POT, KOSHER_POT"
suc de poma,-,"VG, V, HALAL_POT, KOSHER_POT"
llet agra,Llet,"V, HALAL_POT, KOSHER_POT"
ceba en pols,-,"VG, V, HALAL_POT, KOSHER_POT"
xerès,-,"VG, V"
rave,-,"VG, V, HALAL_POT, KOSHER_POT"
jalapeño,-,"VG, V, HALAL_POT, KOSHER_POT"
tofu,Soja,"VG, V, HALAL_POT, KOSHER_POT"
enciams,-,"VG, V, HALAL_POT, KOSHER_POT"
xantana,-,"VG, V, HALAL_POT, KOSHER_POT"
porc picat,-,
bacallà,Peix,"HALAL_POT, KOSHER_POT"
rave picant,-,"VG, V, HALAL_POT, KOSHER_POT"
mandioca,-,"VG, V, HALAL_POT, KOSHER_POT"
enciam romà,-,"VG, V, HALAL_POT, KOSHER_POT"
pa torrat,Gluten,"VG, V, HALAL_POT, KOSHER_POT"
espècies Cajun,-,"VG, V, HALAL_POT, KOSHER_POT"
pa d'hamburguesa,Gluten,"VG, V, HALAL_POT, KOSHER_POT"
mongetes vermelles,-,"VG, V, HALAL_POT, KOSHER_POT"
calamansi,-,"VG, V, HALAL_POT, KOSHER_POT"
all en pols,-,"VG, V, HALAL_POT, KOSHER_POT"
fulles de taro,-,"VG, V, HALAL_POT, KOSHER_POT"
carn salada,-,"VG, V, HALAL_POT, KOSHER_POT"
cibulet,-,"VG, V, HALAL_POT, KOSHER_POT"
farcit,-,"VG, V, HALAL_POT, KOSHER_POT"
massa de pizza,Gluten,"VG, V, HALAL_POT, KOSHER_POT"
piloncillo,-,"VG, V, HALAL_POT, KOSHER_POT"
malví,-,"VG, V, HALAL_POT, KOSHER_POT"
truita,Peix,"HALAL_POT, KOSHER_POT"
colorant alimentari,-,"VG, V, HALAL_POT, KOSHER_POT"
albercocs,-,"VG, V, HALAL_POT, KOSHER_POT"
bambú,-,"VG, V, HALAL_POT, KOSHER_POT"
canyes de cannoli,-,"VG, V, HALAL_POT, KOSHER_POT"
sucre glaç,-,"VG, V, HALAL_POT, KOSHER_POT"
pebre de Sichuan,-,"VG, V, HALAL_POT, KOSHER_POT"
espècies xineses,-,"VG, V, HALAL_POT, KOSHER_POT"
galeta de gambes,"Gluten, Crustacis",HALAL_POT
salsa hoisin,-,"VG, V, HALAL_POT, KOSHER_POT"
fideus d'arròs,Gluten,"VG, V, HALAL_POT, KOSHER_POT"
brots de soja,Soja,"VG, V, HALAL_POT, KOSHER_POT"
verdures asiàtiques,-,"VG, V, HALAL_POT, KOSHER_POT"
cappelletti,-,"VG, V, HALAL_POT, KOSHER_POT"
xarop de xocolata,-,"VG, V, HALAL_POT, KOSHER_POT"
oli d'oliva,-,"VG, V, HALAL_POT, KOSHER_POT"
panxeta,-,"VG, V, HALAL_POT, KOSHER_POT"
sucre perlat,-,"VG, V, HALAL_POT, KOSHER_POT"
brou de verdures,-,"VG, V, HALAL_POT, KOSHER_POT"
espessidor vegetal,-,"VG, V, HALAL_POT, KOSHER_POT"
farina de patata,Gluten,"VG, V, HALAL_POT, KOSHER_POT"
oli d'ametlla,Fruits secs,"VG, V, HALAL_POT, KOSHER_POT"
vinagre balsàmic blanc,-,"VG, V, HALAL_POT, KOSHER_POT"
anacards,Fruits secs,"VG, V, HALAL_POT, KOSHER_POT"
ceba vermella,-,"VG, V, HALAL_POT, KOSHER_POT"
mongetes blanques,-,"VG, V, HALAL_POT, KOSHER_POT"
ànec o oca,-,
ginebró,-,"VG, V, HALAL_POT, KOSHER_POT"
peix gat,Peix,"HALAL_POT, KOSHER_POT"
espècies africanes,-,"VG, V, HALAL_POT, KOSHER_POT"
pebre picant,-,"VG, V, HALAL_POT, KOSHER_POT"
salsa blanca,-,"VG, V, HALAL_POT, KOSHER_POT"
ou dur,Ous,"V, HALAL_POT, KOSHER_POT"
olives negres,-,"VG, V, HALAL_POT, KOSHER_POT"
mongetes pinto,-,"VG, V, HALAL_POT, KOSHER_POT"
os de pernil,-,
ou centenari,Ous,"V, HALAL_POT, KOSHER_POT"
gingebre en vinagre,-,"VG, V, HALAL_POT, KOSHER_POT"
julivert o menta,-,"VG, V, HALAL_POT, KOSHER_POT"
sucre de palma,-,"VG, V, HALAL_POT, KOSHER_POT"
llavors de sèsam,Sèsam,"VG, V, HALAL_POT, KOSHER_POT"
vinagre de xampany,-,"VG, V, HALAL_POT, KOSHER_POT"
mostassa de Dijon,Mostassa,"VG, V, HALAL_POT, KOSHER_POT"
arròs glutinós,-,"VG, V, HALAL_POT, KOSHER_POT"
llet evaporada,Llet,"V, HALAL_POT, KOSHER_POT"
rossinyols,-,"VG, V, HALAL_POT, KOSHER_POT"
vinagre de vi blanc,-,"VG, V, HALAL_POT"
farina de blat,Gluten,"VG, V, HALAL_POT, KOSHER_POT"
salsa d'ostres,Mol·luscs,HALAL_POT
vi d'arròs,-,"VG, V, HALAL_POT"
cinc espècies,-,"VG, V, HALAL_POT, KOSHER_POT"
salsa char siu,-,"VG, V, HALAL_POT, KOSHER_POT"
vi dolç,-,"VG, V"
nous o festucs,Fruits secs,"VG, V, HALAL_POT, KOSHER_POT"
albercocs secs,-,"VG, V, HALAL_POT, KOSHER_POT"
farina de matzà,Gluten,"VG, V, HALAL_POT, KOSHER_POT"
millorador,-,"VG, V, HALAL_POT, KOSHER_POT"
cheddar,-,"V, HALAL_POT"
cereal d'arròs inflat,-,"VG, V, HALAL_POT, KOSHER_POT"
xili en pols,-,"VG, V, HALAL_POT, KOSHER_POT"
pepper jack,-,"VG, V, HALAL_POT, KOSHER_POT"
toppings,-,"VG, V, HALAL_POT, KOSHER_POT"
formatge de granja,Llet,"V, HALAL_POT"
farina de mandioca,-,"VG, V, HALAL_POT, KOSHER_POT"
formatge dur,Llet,"V, HALAL_POT"
spaetzle,-,"VG, V, HALAL_POT, KOSHER_POT"
emmental,-,"V, HALAL_POT"
tomàquets cherry,-,"VG, V, HALAL_POT, KOSHER_POT"
mascarpone,Llet,"V, HALAL_POT"
cramberries,-,"VG, V, HALAL_POT, KOSHER_POT"
melmelada de poma,-,"VG, V, HALAL_POT, KOSHER_POT"
spray,-,"VG, V, HALAL_POT, KOSHER_POT"
formatge italià,Llet,"V, HALAL_POT"
pan de blat de moro,-,"VG, V, HALAL_POT, KOSHER_POT"
sàlvia,-,"VG, V, HALAL_POT, KOSHER_POT"
got gran,-,"VG, V, HALAL_POT, KOSHER_POT"
pasta de tomàquet,Gluten,"VG, V, HALAL_POT, KOSHER_POT"
cireres,-,"VG, V, HALAL_POT, KOSHER_POT"
ron dolç,-,"VG, V, HALAL_POT, KOSHER_POT"
xarop de cirera,-,"VG, V, HALAL_POT, KOSHER_POT"
farcit de cirera,-,"VG, V, HALAL_POT, KOSHER_POT"
baies,-,"VG, V, HALAL_POT, KOSHER_POT"
castanyes,-,"VG, V, HALAL_POT, KOSHER_POT"
fulles de carbassa,-,"VG, V, HALAL_POT, KOSHER_POT"
salsa Alfredo,-,"VG, V, HALAL_POT, KOSHER_POT"
fesolets negres,-,"VG, V, HALAL_POT, KOSHER_POT"
espaguetis,-,"VG, V, HALAL_POT, KOSHER_POT"
oli de nou,Fruits secs,"VG, V, HALAL_POT, KOSHER_POT"
worcestershire,-,"VG, V, HALAL_POT, KOSHER_POT"
tandoori,-,"VG, V, HALAL_POT, KOSHER_POT"
gesmil,-,"VG, V, HALAL_POT, KOSHER_POT"
canella,-,"VG, V, HALAL_POT, KOSHER_POT"
pollastre gras,-,
espècies de pollastre,-,
condiments,-,"VG, V, HALAL_POT, KOSHER_POT"
llavors de gira-sol,-,"VG, V, HALAL_POT, KOSHER_POT"
oli o mantega,Llet,"V, HALAL_POT, KOSHER_POT"
iogurt de coco,Llet,"V, HALAL_POT, KOSHER_POT"
fenogrec,-,"VG, V, HALAL_POT, KOSHER_POT"
fonoll,-,"VG, V, HALAL_POT, KOSHER_POT"
chili verd,-,"VG, V, HALAL_POT, KOSHER_POT"
pebre vermell picant,-,"VG, V, HALAL_POT, KOSHER_POT"
pa de pita,Gluten,"VG, V, HALAL_POT, KOSHER_POT"
patates fregides,-,"VG, V, HALAL_POT, KOSHER_POT"
salsa tzatziki,-,"VG, V, HALAL_POT, KOSHER_POT"
pebre de Cayenna,-,"VG, V, HALAL_POT, KOSHER_POT"
vi Marsala,-,"VG, V, HALAL_POT"
galetes salades,Gluten,"VG, V, HALAL_POT, KOSHER_POT"
greix de porc o oli,-,
formatge mozzarella,Llet,"V, HALAL_POT"
salsa teriyaki,-,"VG, V, HALAL_POT, KOSHER_POT"
pebrot picant,-,"VG, V, HALAL_POT, KOSHER_POT"
macarrons,-,"VG, V, HALAL_POT, KOSHER_POT"
marjorana,-,"VG, V, HALAL_POT, KOSHER_POT"
olives verdes,-,"VG, V, HALAL_POT, KOSHER_POT"
canel·la,-,"VG, V, HALAL_POT, KOSHER_POT"
oli de mostassa,Mostassa,"VG, V, HALAL_POT, KOSHER_POT"
pasta de curri,Gluten,"VG, V, HALAL_POT, KOSHER_POT"
oli d'all picant,-,"VG, V, HALAL_POT, KOSHER_POT"
crema de cacauet,"Cacauets, Llet","V, HALAL_POT, KOSHER_POT"
farina d'arbust silvestre,Gluten,"VG, V, HALAL_POT, KOSHER_POT"
tomatilla,-,"VG, V, HALAL_POT, KOSHER_POT"
xili arbol,-,"VG, V, HALAL_POT, KOSHER_POT"
tortilla de blat de moro,-,"VG, V, HALAL_POT, KOSHER_POT"
préssec,-,"VG, V, HALAL_POT, KOSHER_POT"
pebrot poblà,-,"VG, V, HALAL_POT, KOSHER_POT"
salsa de xili,-,"VG, V, HALAL_POT, KOSHER_POT"
carn de cérvol,-,"VG, V, HALAL_POT, KOSHER_POT"
cider,-,"VG, V, HALAL_POT, KOSHER_POT"
cafè instantani,-,"VG, V, HALAL_POT, KOSHER_POT"
icing sugar,-,"VG, V, HALAL_POT, KOSHER_POT"
molassa,-,"VG, V, HALAL_POT, KOSHER_POT"
fusta de fumat,-,"VG, V, HALAL_POT, KOSHER_POT"
chips de cèrcol,-,"VG, V, HALAL_POT, KOSHER_POT"
ales,-,"VG, V, HALAL_POT, KOSHER_POT"
maple,-,"VG, V, HALAL_POT, KOSHER_POT"
rúcula,-,"VG, V, HALAL_POT, KOSHER_POT"
pa de cereal,Gluten,"VG, V, HALAL_POT, KOSHER_POT"
cereals inflats,-,"VG, V, HALAL_POT, KOSHER_POT"
cacao,-,"VG, V, HALAL_POT, KOSHER_POT"
xarop de fruits secs,Fruits secs,"VG, V, HALAL_POT, KOSHER_POT"
maduixa,-,"VG, V, HALAL_POT, KOSHER_POT"
galetes gingebre,Gluten,"VG, V, HALAL_POT, KOSHER_POT"
plàtans,-,"VG, V, HALAL_POT, KOSHER_POT"
cascara de taronja,-,"VG, V, HALAL_POT, KOSHER_POT"
premezcla,-,"VG, V, HALAL_POT, KOSHER_POT"
xanthan gum,-,"VG, V, HALAL_POT, KOSHER_POT"
grassa vegetal,-,"VG, V, HALAL_POT, KOSHER_POT"
margari,-,"VG, V, HALAL_POT, KOSHER_POT"
ouss,-,"VG, V, HALAL_POT, KOSHER_POT"
trossos de xocolata,-,"VG, V, HALAL_POT, KOSHER_POT"
buttermilk,-,"VG, V, HALAL_POT, KOSHER_POT"
marshmallow,-,"VG, V, HALAL_POT, KOSHER_POT"
alvocat,-,"VG, V, HALAL_POT, KOSHER_POT"
xarop d'atzavara,-,"VG, V, HALAL_POT, KOSHER_POT"
llet de soja,Soja,"VG, V, HALAL_POT, KOSHER_POT"
mató,Llet,"V, HALAL_POT, KOSHER_POT"
cereal d'arròs,-,"VG, V, HALAL_POT, KOSHER_POT"
butterscotch,-,"VG, V, HALAL_POT, KOSHER_POT"
tahina o mantega de cacauet,"Cacauets, Llet, Sèsam","V, HALAL_POT, KOSHER_POT"
carabassó,-,"VG, V, HALAL_POT, KOSHER_POT"
massapà,-,"VG, V, HALAL_POT, KOSHER_POT"
xarop de glucosa,-,"VG, V, HALAL_POT, KOSHER_POT"
coco o sucre perla,-,"VG, V, HALAL_POT, KOSHER_POT"
xili vermell,-,"VG, V, HALAL_POT, KOSHER_POT"
nigella,-,"VG, V, HALAL_POT, KOSHER_POT"
seitan,-,"VG, V, HALAL_POT, KOSHER_POT"
fruit confitat,-,"VG, V, HALAL_POT, KOSHER_POT"
massa brisa,Gluten,"VG, V, HALAL_POT, KOSHER_POT"
farcit de fruita,-,"VG, V, HALAL_POT, KOSHER_POT"
panses de corint,-,"VG, V, HALAL_POT, KOSHER_POT"
panses sultanes,-,"VG, V, HALAL_POT, KOSHER_POT"
greix de vedella,-,
pell confitada,-,"VG, V, HALAL_POT, KOSHER_POT"
fenigrec,-,"VG, V, HALAL_POT, KOSHER_POT"
xili vermell sec,-,"VG, V, HALAL_POT, KOSHER_POT"
segó,-,"VG, V, HALAL_POT, KOSHER_POT"
nabiu deshidratat,-,"VG, V, HALAL_POT, KOSHER_POT"
embotit,-,"VG, V, HALAL_POT, KOSHER_POT"
fulles de llima,-,"VG, V, HALAL_POT, KOSHER_POT"
chili vermell,-,"VG, V, HALAL_POT, KOSHER_POT"
musclos,Mol·luscs,HALAL_POT
vieires,Mol·luscs,HALAL_POT
peix blanc,Peix,"HALAL_POT, KOSHER_POT"
cloïsses,Mol·luscs,HALAL_POT
sidra,-,"VG, V, KOSHER_POT"
crostonets,-,"VG, V, HALAL_POT, KOSHER_POT"
vinagreta de mel i mostassa,Mostassa,"V, HALAL_POT, KOSHER_POT"
anatt,-,"VG, V, HALAL_POT, KOSHER_POT"
fulles de plàtan,-,"VG, V, HALAL_POT, KOSHER_POT"
tortilles,-,"VG, V, HALAL_POT, KOSHER_POT"
llet en pols,Llet,"V, HALAL_POT, KOSHER_POT"
xarop d'auró,-,"VG, V, HALAL_POT, KOSHER_POT"
pa de pessic,Gluten,"VG, V, HALAL_POT, KOSHER_POT"
rom de coco,-,"VG, V, KOSHER_POT"
coco tendre,-,"VG, V, HALAL_POT, KOSHER_POT"
aigua de coco,-,"VG, V, HALAL_POT, KOSHER_POT"
agar-agar,-,"VG, V, HALAL_POT, KOSHER_POT"
aigua de gessamí,-,"VG, V, HALAL_POT, KOSHER_POT"
cirera confitada,-,"VG, V, HALAL_POT, KOSHER_POT"
formatge crema,Llet,"V, HALAL_POT"
groselles,-,"VG, V, HALAL_POT, KOSHER_POT"
licor de cafè,-,"VG, V, KOSHER_POT"
conyac,-,"VG, V"
espècies barbacoa,-,"VG, V, HALAL_POT, KOSHER_POT"
salsa de cola,-,"VG, V, HALAL_POT, KOSHER_POT"
nubes,-,"VG, V, HALAL_POT, KOSHER_POT"
greix de carn,-,"VG, V, HALAL_POT, KOSHER_POT"
oca,-,
farinetes de blat de moro,-,"VG, V, HALAL_POT, KOSHER_POT"
brou de pollastre o vedella,-,
vi o conyac,-,"VG, V"
ceba petita,-,"VG, V, HALAL_POT, KOSHER_POT"
panceta,-,"VG, V, HALAL_POT, KOSHER_POT"
coco ratllat,-,"VG, V, HALAL_POT, KOSHER_POT"
algues,-,"VG, V, HALAL_POT, KOSHER_POT"
massa mare,Gluten,"VG, V, HALAL_POT, KOSHER_POT"
amaniment,-,"VG, V, HALAL_POT, KOSHER_POT"
formatge ratllat,Llet,"V, HALAL_POT"
múrgoles,-,"VG, V, HALAL_POT, KOSHER_POT"
greix de bacó,-,
berros,-,"VG, V, HALAL_POT, KOSHER_POT"
caramels,-,"VG, V, HALAL_POT, KOSHER_POT"
purpurina,-,"VG, V, HALAL_POT, KOSHER_POT"
formatge cottage,Llet,"V, HALAL_POT"
mongeta verda,-,"VG, V, HALAL_POT, KOSHER_POT"
salsa beixamel,-,"VG, V, HALAL_POT, KOSHER_POT"
nabiu,-,"VG, V, HALAL_POT, KOSHER_POT"
suc de taronja,-,"VG, V, HALAL_POT, KOSHER_POT"
xocolata blanca,-,"VG, V, HALAL_POT, KOSHER_POT"
nabiu sec,-,"VG, V, HALAL_POT, KOSHER_POT"
crancs de riu,Crustacis,HALAL_POT
sucre granulat,-,"VG, V, HALAL_POT, KOSHER_POT"
massa wonton,Gluten,"VG, V, HALAL_POT, KOSHER_POT"
salsa agredolça,-,"VG, V, HALAL_POT, KOSHER_POT"
brou d'ànec,-,
carn d'ànec,-,
papaia,-,"VG, V, HALAL_POT, KOSHER_POT"
licor de cassís,-,"VG, V, KOSHER_POT"
calamar,Mol·luscs,HALAL_POT
amaniment italià,-,"VG, V, HALAL_POT, KOSHER_POT"
anyell,-,
rovells d'ou,Ous,"V, HALAL_POT, KOSHER_POT"
aromes,-,"VG, V, HALAL_POT, KOSHER_POT"
claras d'ou,Ous,"V, HALAL_POT, KOSHER_POT"
fruites,-,"VG, V, HALAL_POT, KOSHER_POT"
porc rostit,-,
salami,-,"VG, V, HALAL_POT, KOSHER_POT"
bata de mantega,Llet,"V, HALAL_POT, KOSHER_POT"
germinats,-,"VG, V, HALAL_POT, KOSHER_POT"
eixarrada,-,"VG, V, HALAL_POT, KOSHER_POT"
poppy,-,"VG, V, HALAL_POT, KOSHER_POT"
farina d'arròs glutinos,-,"VG, V, HALAL_POT, KOSHER_POT"
pasta de mongetes,Gluten,"VG, V, HALAL_POT, KOSHER_POT"
dandahu,-,"VG, V, HALAL_POT, KOSHER_POT"
col vermella,-,"VG, V, HALAL_POT, KOSHER_POT"
konbu,-,"VG, V, HALAL_POT, KOSHER_POT"
lliures,-,"VG, V, HALAL_POT, KOSHER_POT"
bonítol,-,"VG, V, HALAL_POT, KOSHER_POT"
shiitake,-,"VG, V, HALAL_POT, KOSHER_POT"
maionesa de blat de moro,-,"V, HALAL_POT, KOSHER_POT"
asafoetida,-,"VG, V, HALAL_POT, KOSHER_POT"
fulles de curry,-,"VG, V, HALAL_POT, KOSHER_POT"
xocolate,-,"VG, V, HALAL_POT, KOSHER_POT"
indi,-,
farina integral,Gluten,"VG, V, HALAL_POT, KOSHER_POT"
pepperoni,-,"VG, V, HALAL_POT, KOSHER_POT"
bistec,-,"VG, V, HALAL_POT, KOSHER_POT"
sang,-,"VG, V, HALAL_POT, KOSHER_POT"
concentrat de tomàquet,-,"VG, V, HALAL_POT, KOSHER_POT"
preparat de crema,Llet,"V, HALAL_POT, KOSHER_POT"
greix de pollastre,-,
glandes de pollastre,-,
carn de porc,-,
fulla de llorer,-,"VG, V, HALAL_POT, KOSHER_POT"
tabasco,-,"VG, V, HALAL_POT, KOSHER_POT"
fulles de parra,-,"VG, V, HALAL_POT, KOSHER_POT"
injera,-,"VG, V, HALAL_POT, KOSHER_POT"
mongetes verdes,-,"VG, V, HALAL_POT, KOSHER_POT"
costella,-,
cei,-,"VG, V, HALAL_POT, KOSHER_POT"
brots,-,"VG, V, HALAL_POT, KOSHER_POT"
petit,-,"VG, V, HALAL_POT, KOSHER_POT"
duck,-,"VG, V, HALAL_POT, KOSHER_POT"
menuts,-,"VG, V, HALAL_POT, KOSHER_POT"
melmelada de taronja,-,"VG, V, HALAL_POT, KOSHER_POT"
pasta de gingebre i all,Gluten,"VG, V, HALAL_POT, KOSHER_POT"
papaya,-,"VG, V, HALAL_POT, KOSHER_POT"
crustaci,-,"VG, V, HALAL_POT, KOSHER_POT"
cereja,-,"VG, V, HALAL_POT, KOSHER_POT"
preparat de pastís,-,"VG, V, HALAL_POT, KOSHER_POT"
durià,-,"VG, V, HALAL_POT, KOSHER_POT"
nata de coco,Llet,"VG, V, HALAL_POT, KOSHER_POT"
cajun,-,"VG, V, HALAL_POT, KOSHER_POT"
cayenne,-,"VG, V, HALAL_POT, KOSHER_POT"
anxova,Peix,"HALAL_POT, KOSHER_POT"
pa pita,Gluten,"VG, V, HALAL_POT, KOSHER_POT"
carbó,-,"VG, V, HALAL_POT, KOSHER_POT"
chili en pols,-,"VG, V, HALAL_POT, KOSHER_POT"
aigua de taronja,-,"VG, V, HALAL_POT, KOSHER_POT"
ceba fregida,-,"VG, V, HALAL_POT, KOSHER_POT"
berenjena,-,"VG, V, HALAL_POT, KOSHER_POT"
be,-,"VG, V, HALAL_POT, KOSHER_POT"
periwinkles,-,"VG, V, HALAL_POT, KOSHER_POT"
cuir de vaca,-,
pebrots,-,"VG, V, HALAL_POT, KOSHER_POT"
fulles amargues,-,"VG, V, HALAL_POT, KOSHER_POT"
cargols,-,"VG, V, HALAL_POT, KOSHER_POT"
legumes fermentats,-,"VG, V, HALAL_POT, KOSHER_POT"
gambetes,-,"VG, V, HALAL_POT, KOSHER_POT"
anguila,-,HALAL_POT
iru,-,"VG, V, HALAL_POT, KOSHER_POT"
shaki,-,"VG, V, HALAL_POT, KOSHER_POT"
turmeric,-,"VG, V, HALAL_POT, KOSHER_POT"
embolicalls,-,"VG, V, HALAL_POT, KOSHER_POT"
aigua carbònica,-,"VG, V, HALAL_POT, KOSHER_POT"
pasta de chili,Gluten,"VG, V, HALAL_POT, KOSHER_POT"
formatge feta,Llet,"V, HALAL_POT"
soda,-,"VG, V, HALAL_POT, KOSHER_POT"
brandy,-,"VG, V, HALAL_POT, KOSHER_POT"
beguda vegetal,-,"VG, V, HALAL_POT, KOSHER_POT"
meló,-,"VG, V, HALAL_POT, KOSHER_POT"
legumes,-,"VG, V, HALAL_POT, KOSHER_POT"
colomí,-,"VG, V, HALAL_POT, KOSHER_POT"
rosa,-,"VG, V, HALAL_POT, KOSHER_POT"
flor de taronger,-,"VG, V, HALAL_POT, KOSHER_POT"
ocra,-,"VG, V, HALAL_POT, KOSHER_POT"
fideuets,-,"VG, V, HALAL_POT, KOSHER_POT"
limona,-,"VG, V, HALAL_POT, KOSHER_POT"
fulles de moniato,-,"VG, V, HALAL_POT, KOSHER_POT"
verdura,-,"VG, V, HALAL_POT, KOSHER_POT"
maizena,-,"VG, V, HALAL_POT, KOSHER_POT"
botifarra,-,
mànec de blat,Gluten,"VG, V, HALAL_POT, KOSHER_POT"
quall,-,"VG, V, HALAL_POT, KOSHER_POT"
pallares,-,"VG, V, HALAL_POT, KOSHER_POT"
mustassa,-,"VG, V, HALAL_POT, KOSHER_POT"
fulles d'eru,-,"VG, V, HALAL_POT, KOSHER_POT"
fulles d'aigua,-,"VG, V, HALAL_POT, KOSHER_POT"
maduixes,-,"VG, V, HALAL_POT, KOSHER_POT"
pasta de soja,"Gluten, Soja","VG, V, HALAL_POT, KOSHER_POT"
ewedu,-,"VG, V, HALAL_POT, KOSHER_POT"
mermelada,-,"VG, V, HALAL_POT, KOSHER_POT"
cigró,-,"VG, V, HALAL_POT, KOSHER_POT"
falafel,-,"VG, V, HALAL_POT, KOSHER_POT"
gliadina,-,"VG, V, HALAL_POT, KOSHER_POT"
tempero,-,"VG, V, HALAL_POT, KOSHER_POT"
pita,-,"VG, V, HALAL_POT, KOSHER_POT"
crackers,-,"VG, V, HALAL_POT, KOSHER_POT"
ketchup de banana,-,"VG, V, HALAL_POT, KOSHER_POT"
ignam,-,"VG, V, HALAL_POT, KOSHER_POT"
llavors uziza,-,"VG, V, HALAL_POT, KOSHER_POT"
especiat per carn,-,"VG, V, HALAL_POT, KOSHER_POT"
marinat,-,"VG, V, HALAL_POT, KOSHER_POT"
flors,-,"VG, V, HALAL_POT, KOSHER_POT"
berbere,-,"VG, V, HALAL_POT, KOSHER_POT"
pasta de full,Gluten,"VG, V, HALAL_POT, KOSHER_POT"
farina de sègol,Gluten,"VG, V, HALAL_POT, KOSHER_POT"
carn fumada,-,"VG, V, HALAL_POT, KOSHER_POT"
peperoni,-,"VG, V, HALAL_POT, KOSHER_POT"
malta,-,"VG, V, HALAL_POT, KOSHER_POT"
llúpol,-,"VG, V, HALAL_POT, KOSHER_POT"
guaranà,-,"VG, V, HALAL_POT, KOSHER_POT"
vodka,-,"VG, V, KOSHER_POT"
suc de pinya,-,"VG, V, HALAL_POT, KOSHER_POT"
licor de gerds,-,"VG, V, KOSHER_POT"
tomàquet verd,-,"VG, V, HALAL_POT, KOSHER_POT"
salsa chili,-,"VG, V, HALAL_POT, KOSHER_POT"
flor seca,-,"VG, V, HALAL_POT, KOSHER_POT"
plàtan verd,-,"VG, V, HALAL_POT, KOSHER_POT"
tortilla de frito,-,"VG, V, HALAL_POT, KOSHER_POT"
os,-,"VG, V, HALAL_POT, KOSHER_POT"
mandarina,-,"VG, V, HALAL_POT, KOSHER_POT"
granota,-,"VG, V, HALAL_POT, KOSHER_POT"
emulsionant,-,"VG, V, HALAL_POT, KOSHER_POT"
síndria,-,"VG, V, HALAL_POT, KOSHER_POT"
raïm,-,"VG, V, HALAL_POT, KOSHER_POT"
nectarina,-,"VG, V, HALAL_POT, KOSHER_POT"
fruit de la passió,-,"VG, V, HALAL_POT, KOSHER_POT"
nectar de fruita,-,"VG, V, HALAL_POT, KOSHER_POT"
cereal,-,"VG, V, HALAL_POT, KOSHER_POT"
suc de fruita,-,"VG, V, HALAL_POT, KOSHER_POT"
pebrera,-,"VG, V, HALAL_POT, KOSHER_POT"
millet,-,"VG, V, HALAL_POT, KOSHER_POT"
cuc,-,"VG, V, HALAL_POT, KOSHER_POT"
baobab,-,"VG, V, HALAL_POT, KOSHER_POT"
vitamina C,-,"VG, V, HALAL_POT, KOSHER_POT"
timoner,-,"VG, V, HALAL_POT, KOSHER_POT"
p èbre,-,"VG, V, HALAL_POT, KOSHER_POT"
camaïot,-,"VG, V, HALAL_POT, KOSHER_POT"
blat trencat,Gluten,"VG, V, HALAL_POT, KOSHER_POT"
marisc sec,-,HALAL_POT
romer,-,"VG, V, HALAL_POT, KOSHER_POT"
estragó,-,"VG, V, HALAL_POT, KOSHER_POT"
lletona,-,"VG, V, HALAL_POT, KOSHER_POT"
pebre verd,-,"VG, V, HALAL_POT, KOSHER_POT"
formatge cheddar,Llet,"V, HALAL_POT"
farina d'ordi torrat,Gluten,"VG, V, HALAL_POT, KOSHER_POT"
albercórraces,-,"VG, V, HALAL_POT, KOSHER_POT"
essència,-,"VG, V, HALAL_POT, KOSHER_POT"
gema,-,"VG, V, HALAL_POT, KOSHER_POT"
rosella,-,"VG, V, HALAL_POT, KOSHER_POT"
farina de rosella,Gluten,"VG, V, HALAL_POT, KOSHER_POT"
llimó sec,-,"VG, V, HALAL_POT, KOSHER_POT"
cebollí,-,"VG, V, HALAL_POT, KOSHER_POT"
daikon,-,"VG, V, HALAL_POT, KOSHER_POT"
alga,-,"VG, V, HALAL_POT, KOSHER_POT"
ton,-,"VG, V, HALAL_POT, KOSHER_POT"
gin,-,"VG, V, HALAL_POT, KOSHER_POT"
farina de fajol,-,"VG, V, HALAL_POT, KOSHER_POT"
siro de xàrec,-,"VG, V, HALAL_POT, KOSHER_POT"
ferment,-,"VG, V, HALAL_POT, KOSHER_POT"
fulles de llorer,-,"VG, V, HALAL_POT, KOSHER_POT"
glaçat real,-,"VG, V, HALAL_POT, KOSHER_POT"
mescla per pancakes,-,"VG, V, HALAL_POT, KOSHER_POT"
melsa,-,"VG, V, HALAL_POT, KOSHER_POT"
plantain,-,"VG, V, HALAL_POT, KOSHER_POT"
gluten,-,"VG, V, HALAL_POT, KOSHER_POT"
formatge de cabra,Llet,
boursin,-,"VG, V, HALAL_POT, KOSHER_POT"
llet de cabra,Llet,
m'enta,-,"VG, V, HALAL_POT, KOSHER_POT"
injíra,-,"VG, V, HALAL_POT, KOSHER_POT"
gorgonzola,-,"VG, V, HALAL_POT, KOSHER_POT"
germe de blat,Gluten,"VG, V, HALAL_POT, KOSHER_POT"
siro de blat de moro,-,"VG, V, HALAL_POT, KOSHER_POT"
ginebra,-,"VG, V, KOSHER_POT"
bolets de ginebró,-,"VG, V, HALAL_POT, KOSHER_POT"
feta,Llet,"V, HALAL_POT"
iogurt grec,Llet,"V, HALAL_POT, KOSHER_POT"
romerí,-,"VG, V, HALAL_POT, KOSHER_POT"
llevat nutricional,-,"VG, V, HALAL_POT, KOSHER_POT"
pèls secs,-,"VG, V, HALAL_POT, KOSHER_POT"
pebres,-,"VG, V, HALAL_POT, KOSHER_POT"
chiles,-,"VG, V, HALAL_POT, KOSHER_POT"
matcha,-,"VG, V, HALAL_POT, KOSHER_POT"
fruits del bosc,-,"VG, V, HALAL_POT, KOSHER_POT"
nat,-,"VG, V, HALAL_POT, KOSHER_POT"
carn de tortuga,-,"VG, V, HALAL_POT, KOSHER_POT"
suc d'ostra,Mol·luscs,HALAL_POT
miso,Soja,"VG, V, HALAL_POT, KOSHER_POT"
pan motllo,-,"VG, V, HALAL_POT, KOSHER_POT"
cornish hens,-,"VG, V, HALAL_POT, KOSHER_POT"
carne de hot dog,-,"VG, V, HALAL_POT, KOSHER_POT"
aprim,-,"VG, V, HALAL_POT, KOSHER_POT"
llívia,-,"VG, V, HALAL_POT, KOSHER_POT"
mesquite,-,"VG, V, HALAL_POT, KOSHER_POT"
xampinyó,-,"VG, V, HALAL_POT, KOSHER_POT"
radicchio,-,"VG, V, HALAL_POT, KOSHER_POT"
pell de llimona,-,"VG, V, HALAL_POT, KOSHER_POT"
suc de llima,-,"VG, V, HALAL_POT, KOSHER_POT"
jackfruit,-,"VG, V, HALAL_POT, KOSHER_POT"
shallots,-,"VG, V, HALAL_POT, KOSHER_POT"
castanyes de lletre,-,"VG, V, HALAL_POT, KOSHER_POT"
galangal,-,"VG, V, HALAL_POT, KOSHER_POT"
sucre de coco,-,"VG, V, HALAL_POT, KOSHER_POT"
tamarind,-,"VG, V, HALAL_POT, KOSHER_POT"
preparat,-,"VG, V, HALAL_POT, KOSHER_POT"
cardamoma,-,"VG, V, HALAL_POT, KOSHER_POT"
nori,-,"VG, V, HALAL_POT, KOSHER_POT"
ouriço de mar,-,"VG, V, HALAL_POT, KOSHER_POT"
rovell de peix,"Ous, Peix","HALAL_POT, KOSHER_POT"
ou de codorniz,Ous,"V, HALAL_POT, KOSHER_POT"
dashi,-,"VG, V, HALAL_POT, KOSHER_POT"
claus d'espècia,-,"VG, V, HALAL_POT, KOSHER_POT"
fulletes de llorer,-,"VG, V, HALAL_POT, KOSHER_POT"
cor del vedella,-,
avellanes,Fruits secs,"VG, V, HALAL_POT, KOSHER_POT"
lluç,Peix,"HALAL_POT, KOSHER_POT"
oli de cacauet,Cacauets,"VG, V, HALAL_POT, KOSHER_POT"
galt de lluç,Peix,"HALAL_POT, KOSHER_POT"
kaong,-,"VG, V, HALAL_POT, KOSHER_POT"
ube,-,"VG, V, HALAL_POT, KOSHER_POT"
pinipig,-,"VG, V, HALAL_POT, KOSHER_POT"
tsamiya,-,"VG, V, HALAL_POT, KOSHER_POT"
harissa,-,"VG, V, HALAL_POT, KOSHER_POT"
fond d'espècies,-,"VG, V, HALAL_POT, KOSHER_POT"
llobarro,Peix,"HALAL_POT, KOSHER_POT"
entrecot,-,"VG, V, HALAL_POT, KOSHER_POT"
poudre,-,"VG, V, HALAL_POT, KOSHER_POT"
fum hickory,-,"VG, V, HALAL_POT, KOSHER_POT"
sirope,-,"VG, V, HALAL_POT, KOSHER_POT"
llet de camella,Llet,"V, HALAL_POT, KOSHER_POT"
hortalisses,-,"VG, V, HALAL_POT, KOSHER_POT"
rovells,Ous,"V, HALAL_POT, KOSHER_POT"
sucre de colors,-,"VG, V, HALAL_POT, KOSHER_POT"
greix animal,-,"VG, V, HALAL_POT, KOSHER_POT"
alcohol,-,"VG, V, HALAL_POT, KOSHER_POT"
masa,-,"VG, V, HALAL_POT, KOSHER_POT"
vinaigre,-,"VG, V, HALAL_POT, KOSHER_POT"
raïms,-,"VG, V, HALAL_POT, KOSHER_POT"
farina de gluten,Gluten,"VG, V, HALAL_POT, KOSHER_POT"
starter,-,"VG, V, HALAL_POT, KOSHER_POT"
condiment,-,"VG, V, HALAL_POT, KOSHER_POT"
hominy,-,"VG, V, HALAL_POT, KOSHER_POT"
tall d'ou,Ous,"V, HALAL_POT, KOSHER_POT"
taronges,-,"VG, V, HALAL_POT, KOSHER_POT"
malt,-,"VG, V, HALAL_POT, KOSHER_POT"
beguda,-,"VG, V, HALAL_POT, KOSHER_POT"
aji,-,"VG, V, HALAL_POT, KOSHER_POT"
dal,-,"VG, V, HALAL_POT, KOSHER_POT"
maggi,-,"VG, V, HALAL_POT, KOSHER_POT"
ponmo,-,"VG, V, HALAL_POT, KOSHER_POT"
cub,-,"VG, V, HALAL_POT, KOSHER_POT"
sirope vegetal,-,"VG, V, HALAL_POT, KOSHER_POT"
margarina vegana,-,"VG, V, HALAL_POT, KOSHER_POT"
arròs de sushi,-,"VG, V, HALAL_POT, KOSHER_POT"
pistatxos,Fruits secs,"VG, V, HALAL_POT, KOSHER_POT"
masala,-,"VG, V, HALAL_POT, KOSHER_POT"
pasta de curry,Gluten,"VG, V, HALAL_POT, KOSHER_POT"
peix o pollastre,Peix,
mushrooms,-,"VG, V, HALAL_POT, KOSHER_POT"
marasca,-,"VG, V, HALAL_POT, KOSHER_POT"
zanahoria,-,"VG, V, HALAL_POT, KOSHER_POT"
salsa inglesa,-,"VG, V, HALAL_POT, KOSHER_POT"
llet agre,Llet,"V, HALAL_POT, KOSHER_POT"
ruz,-,"VG, V, HALAL_POT, KOSHER_POT"
ukpaka,-,"VG, V, HALAL_POT, KOSHER_POT"
utazi,-,"VG, V, HALAL_POT, KOSHER_POT"
mairra,-,"VG, V, HALAL_POT, KOSHER_POT"
jícama,-,"VG, V, HALAL_POT, KOSHER_POT"
za'atar,-,"VG, V, HALAL_POT, KOSHER_POT"
germen de blat,Gluten,"VG, V, HALAL_POT, KOSHER_POT"
xile,-,"VG, V, HALAL_POT, KOSHER_POT"
pectina,-,"VG, V, HALAL_POT, KOSHER_POT"
pepita,-,"VG, V, HALAL_POT, KOSHER_POT"
oli de tòfona,-,"VG, V, HALAL_POT, KOSHER_POT"
custard,-,"VG, V, HALAL_POT, KOSHER_POT"
mango en pols,-,"VG, V, HALAL_POT, KOSHER_POT"
sal negra,-,"VG, V, HALAL_POT, KOSHER_POT"
llimònia,-,"VG, V, HALAL_POT, KOSHER_POT"
gram flour,-,"VG, V, HALAL_POT, KOSHER_POT"
grau,-,"VG, V, HALAL_POT, KOSHER_POT"
cannella,-,"VG, V, HALAL_POT, KOSHER_POT"
cloves,-,"VG, V, HALAL_POT, KOSHER_POT"
rum,-,"VG, V, HALAL_POT, KOSHER_POT"
pollastre o gall dindi,-,
espècies jerk,-,"VG, V, HALAL_POT, KOSHER_POT"
fulles de carabassa,-,"VG, V, HALAL_POT, KOSHER_POT"
arrel índia,-,"VG, V, HALAL_POT, KOSHER_POT"
khova,-,"VG, V, HALAL_POT, KOSHER_POT"
fulla de plata comestible,-,"VG, V, HALAL_POT, KOSHER_POT"
kale,-,"VG, V, HALAL_POT, KOSHER_POT"
crescó,-,"VG, V, HALAL_POT, KOSHER_POT"
pasta kadaif,Gluten,"VG, V, HALAL_POT, KOSHER_POT"
aigua de tarongina,-,"VG, V, HALAL_POT, KOSHER_POT"
pollastre o vedella,-,
aigua de llima,-,"VG, V, HALAL_POT, KOSHER_POT"
suc de pandan,-,"VG, V, HALAL_POT, KOSHER_POT"
pollastre o peix,Peix,
cua de bou,-,
llavors d'annatto,-,"VG, V, HALAL_POT, KOSHER_POT"
plàtan mascle,-,"VG, V, HALAL_POT, KOSHER_POT"
arròs torrat,-,"VG, V, HALAL_POT, KOSHER_POT"
pasta de gambes,"Gluten, Crustacis",HALAL_POT
soja germinada,Soja,"VG, V, HALAL_POT, KOSHER_POT"
xips de gamba,Crustacis,HALAL_POT
kashkaval,-,"VG, V, HALAL_POT, KOSHER_POT"
gingebre-all,-,"VG, V, HALAL_POT, KOSHER_POT"
formatge gras,Llet,"V, HALAL_POT"
comí negre,-,"VG, V, HALAL_POT, KOSHER_POT"
col-rave,-,"VG, V, HALAL_POT, KOSHER_POT"
passes,-,"VG, V, HALAL_POT, KOSHER_POT"
milo,-,"VG, V, HALAL_POT, KOSHER_POT"
cruïlles de peix,Peix,"HALAL_POT, KOSHER_POT"
kudampuli,-,"VG, V, HALAL_POT, KOSHER_POT"
cúrrec,-,"VG, V, HALAL_POT, KOSHER_POT"
xili verd,-,"VG, V, HALAL_POT, KOSHER_POT"
clares,Ous,"V, HALAL_POT, KOSHER_POT"
niter kibbeh,-,"VG, V, HALAL_POT, KOSHER_POT"
cinnamon,-,"VG, V, HALAL_POT, KOSHER_POT"
provolone,Llet,"V, HALAL_POT"
besan,-,"VG, V, HALAL_POT, KOSHER_POT"
semolina,Gluten,"VG, V, HALAL_POT, KOSHER_POT"
gingebre-xili,-,"VG, V, HALAL_POT, KOSHER_POT"
fruit salt,-,"VG, V, HALAL_POT, KOSHER_POT"
mung,-,"VG, V, HALAL_POT, KOSHER_POT"
mung bean flour,-,"VG, V, HALAL_POT, KOSHER_POT"
essència de gessamí,-,"VG, V, HALAL_POT, KOSHER_POT"
sauces,-,"VG, V, HALAL_POT, KOSHER_POT"
vinegar,-,"VG, V, HALAL_POT, KOSHER_POT"
tamarindre,-,"VG, V, HALAL_POT, KOSHER_POT"
farina de sorgo,Gluten,"VG, V, HALAL_POT, KOSHER_POT"
butter clarificat,-,"VG, V, HALAL_POT, KOSHER_POT"
mitmita,-,"VG, V, HALAL_POT, KOSHER_POT"
collares,-,"VG, V, HALAL_POT, KOSHER_POT"
ayib,-,"VG, V, HALAL_POT, KOSHER_POT"
kiwi,-,"VG, V, HALAL_POT, KOSHER_POT"
farina de sagú,Gluten,"VG, V, HALAL_POT, KOSHER_POT"
knoephla,-,"VG, V, HALAL_POT, KOSHER_POT"
carne,-,"VG, V, HALAL_POT, KOSHER_POT"
bouquet,-,"VG, V, HALAL_POT, KOSHER_POT"
pasta kataifi,Gluten,"VG, V, HALAL_POT, KOSHER_POT"
mijo,-,"VG, V, HALAL_POT, KOSHER_POT"
sorgo,-,"VG, V, HALAL_POT, KOSHER_POT"
crema de coco,Llet,"VG, V, HALAL_POT, KOSHER_POT"
amargant,-,"VG, V, HALAL_POT, KOSHER_POT"
bitxo,-,"VG, V, HALAL_POT, KOSHER_POT"
gall dindi fumat,-,
oli vermell,-,"VG, V, HALAL_POT, KOSHER_POT"
ous de perdiu,Ous,
bolets secs,-,"VG, V, HALAL_POT, KOSHER_POT"
llavors de comí,-,"VG, V, HALAL_POT, KOSHER_POT"
cogombre en vinagre,-,"VG, V, HALAL_POT, KOSHER_POT"
farina de mill,-,"VG, V, HALAL_POT, KOSHER_POT"
cireres confitades,-,"VG, V, HALAL_POT, KOSHER_POT"
nous pecana,Fruits secs,"VG, V, HALAL_POT, KOSHER_POT"
carxofa,-,"VG, V, HALAL_POT, KOSHER_POT"
tomàquet sec,-,"VG, V, HALAL_POT, KOSHER_POT"
massa vegana,Gluten,"VG, V, HALAL_POT, KOSHER_POT"
ostra,Mol·luscs,HALAL_POT
aurantium,-,"VG, V, HALAL_POT, KOSHER_POT"
fulles de cassava,-,"VG, V, HALAL_POT, KOSHER_POT"
llagostins,-,HALAL_POT
ocarina,-,"VG, V, HALAL_POT, KOSHER_POT"
llet fermentada,Llet,"V, HALAL_POT, KOSHER_POT"
fígado,-,"VG, V, HALAL_POT, KOSHER_POT"
germans de soja,Soja,"VG, V, HALAL_POT, KOSHER_POT"
sheridàn,-,"VG, V, HALAL_POT, KOSHER_POT"
hamburguesa,-,"VG, V, HALAL_POT, KOSHER_POT"
gravy,-,"VG, V, HALAL_POT, KOSHER_POT"
steak,-,"VG, V, HALAL_POT, KOSHER_POT"
tequila,-,"VG, V, HALAL_POT, KOSHER_POT"
sour,-,"VG, V, HALAL_POT, KOSHER_POT"
picant,-,"VG, V, HALAL_POT, KOSHER_POT"
canel,-,"VG, V, HALAL_POT, KOSHER_POT"
castanyes d'aigua,-,"VG, V, HALAL_POT, KOSHER_POT"
aigua de rosa,-,"VG, V, HALAL_POT, KOSHER_POT"
tamarigues,-,"VG, V, HALAL_POT, KOSHER_POT"
jalapeños,-,"VG, V, HALAL_POT, KOSHER_POT"
cannabis,-,"VG, V, HALAL_POT, KOSHER_POT"
cítric,-,"VG, V, HALAL_POT, KOSHER_POT"
all verda,-,"VG, V, HALAL_POT, KOSHER_POT"
cernells,-,"VG, V, HALAL_POT, KOSHER_POT"
farina d'ordi,Gluten,"VG, V, HALAL_POT, KOSHER_POT"
fulles nori,-,"VG, V, HALAL_POT, KOSHER_POT"
wasabi,-,"VG, V, HALAL_POT, KOSHER_POT"
lli,-,"VG, V, HALAL_POT, KOSHER_POT"
farciment,-,"VG, V, HALAL_POT, KOSHER_POT"
capsicums,-,"VG, V, HALAL_POT, KOSHER_POT"
paneer,-,"VG, V, HALAL_POT, KOSHER_POT"
paper d'arròs,-,"VG, V, HALAL_POT, KOSHER_POT"
conill,-,"VG, V, HALAL_POT, KOSHER_POT"
pan,-,"VG, V, HALAL_POT, KOSHER_POT"
glaça,-,"VG, V, HALAL_POT, KOSHER_POT"
fenugrec,-,"VG, V, HALAL_POT, KOSHER_POT"
fulles de curri,-,"VG, V, HALAL_POT, KOSHER_POT"
fulles pandan,-,"VG, V, HALAL_POT, KOSHER_POT"
arròs glutinat,-,"VG, V, HALAL_POT, KOSHER_POT"
pasta de fesol,Gluten,"VG, V, HALAL_POT, KOSHER_POT"
botons de xampinyó,-,"VG, V, HALAL_POT, KOSHER_POT"
hibisc,-,"VG, V, HALAL_POT, KOSHER_POT"
verat,-,"VG, V, HALAL_POT, KOSHER_POT"
marsala,-,"VG, V, HALAL_POT, KOSHER_POT"
corn syrup,-,"VG, V, HALAL_POT, KOSHER_POT"
llavors de mostassa,Mostassa,"VG, V, HALAL_POT, KOSHER_POT"
fullets de curri,-,"VG, V, HALAL_POT, KOSHER_POT"
pork cracklings,-,"VG, V, HALAL_POT, KOSHER_POT"
farina de llentia,Gluten,"VG, V, HALAL_POT, KOSHER_POT"
masyaura,-,"VG, V, HALAL_POT, KOSHER_POT"
pasta d'all i gingebre,Gluten,"VG, V, HALAL_POT, KOSHER_POT"
matzà,-,"VG, V, HALAL_POT, KOSHER_POT"
marinara,-,"VG, V, HALAL_POT, KOSHER_POT"
celery,-,"VG, V, HALAL_POT, KOSHER_POT"
vegetals,-,"VG, V, HALAL_POT, KOSHER_POT"
flocs d'avena,-,"VG, V, HALAL_POT, KOSHER_POT"
chalota,-,"VG, V, HALAL_POT, KOSHER_POT"
tonyina,Peix,"HALAL_POT, KOSHER_POT"
farina de mongetes,Gluten,"VG, V, HALAL_POT, KOSHER_POT"
peus de porc,-,
coulis,-,"VG, V, HALAL_POT, KOSHER_POT"
avellana,Fruits secs,"VG, V, HALAL_POT, KOSHER_POT"
salsa BBQ,-,"VG, V, HALAL_POT, KOSHER_POT"
cognac,-,"VG, V, HALAL_POT"
moka,-,"VG, V, HALAL_POT, KOSHER_POT"
habanero,-,"VG, V, HALAL_POT, KOSHER_POT"
ancho,-,"VG, V, HALAL_POT, KOSHER_POT"
salsa enchilada,-,"VG, V, HALAL_POT, KOSHER_POT"
lemond curd,-,"VG, V, HALAL_POT, KOSHER_POT"
farina llevant,Gluten,"VG, V, HALAL_POT, KOSHER_POT"
cevra,-,"VG, V, HALAL_POT, KOSHER_POT"
mastegat,-,"VG, V, HALAL_POT, KOSHER_POT"
pell cítrica,-,"VG, V, HALAL_POT, KOSHER_POT"
kohlrabi,-,"VG, V, HALAL_POT, KOSHER_POT"
albersos,-,"VG, V, HALAL_POT, KOSHER_POT"
mirliton,-,"VG, V, HALAL_POT, KOSHER_POT"
fongs,-,"VG, V, HALAL_POT, KOSHER_POT"
wakame,-,"VG, V, HALAL_POT, KOSHER_POT"
terasi,-,"VG, V, HALAL_POT, KOSHER_POT"
càrnitza,-,"VG, V, HALAL_POT, KOSHER_POT"
daddawa,-,"VG, V, HALAL_POT, KOSHER_POT"
tatashe,-,"VG, V, HALAL_POT, KOSHER_POT"
locust beans,-,"VG, V, HALAL_POT, KOSHER_POT"
fulles de sesame,Sèsam,"VG, V, HALAL_POT, KOSHER_POT"
dawadawa,-,"VG, V, HALAL_POT, KOSHER_POT"
atarugu,-,"VG, V, HALAL_POT, KOSHER_POT"
Kuka powder,-,"VG, V, HALAL_POT, KOSHER_POT"
lalo,-,"VG, V, HALAL_POT, KOSHER_POT"
kanwa,-,"VG, V, HALAL_POT, KOSHER_POT"
alayyahu,-,"VG, V, HALAL_POT, KOSHER_POT"
stockfish,-,"VG, V, HALAL_POT, KOSHER_POT"
roselle,-,"VG, V, HALAL_POT, KOSHER_POT"
fulles de moringa,-,"VG, V, HALAL_POT, KOSHER_POT"
nous de palma,Fruits secs,"VG, V, HALAL_POT, KOSHER_POT"
muffins,-,"VG, V, HALAL_POT, KOSHER_POT"
carn curada,-,"VG, V, HALAL_POT, KOSHER_POT"
llaunes,-,"VG, V, HALAL_POT, KOSHER_POT"
oli de dendê,-,"VG, V, HALAL_POT, KOSHER_POT"
llegums,-,"VG, V, HALAL_POT, KOSHER_POT"
albercoc sec,-,"VG, V, HALAL_POT, KOSHER_POT"
patata dolça,-,"VG, V, HALAL_POT, KOSHER_POT"
untar,-,"VG, V, HALAL_POT, KOSHER_POT"
mortadela,-,"VG, V, HALAL_POT, KOSHER_POT"
mongetes mung,-,"VG, V, HALAL_POT, KOSHER_POT"
àrbol híbrid,-,"VG, V, HALAL_POT, KOSHER_POT"
salsa d'ostra,Mol·luscs,HALAL_POT
pols de pollastre,-,
xeri,-,"VG, V, HALAL_POT, KOSHER_POT"
carn de rata,-,"VG, V, HALAL_POT, KOSHER_POT"
carcassa de xai,-,
perera africana,-,"VG, V, HALAL_POT, KOSHER_POT"
salvado,-,"VG, V, HALAL_POT, KOSHER_POT"
bolets negres,-,"VG, V, HALAL_POT, KOSHER_POT"
brots de bambú,-,"VG, V, HALAL_POT, KOSHER_POT"
xips de tortilla,-,"VG, V, HALAL_POT, KOSHER_POT"
corian<e>re,-,"VG, V, HALAL_POT, KOSHER_POT"
oli de peix,Peix,"HALAL_POT, KOSHER_POT"
salsa dolça de soja,Soja,"VG, V, HALAL_POT, KOSHER_POT"
forcemeat,-,"VG, V, HALAL_POT, KOSHER_POT"
béchamel,-,"VG, V, HALAL_POT, KOSHER_POT"
pell de porc,-,
lliura,-,"VG, V, HALAL_POT, KOSHER_POT"
farina de masa,Gluten,"VG, V, HALAL_POT, KOSHER_POT"
oregano,-,"VG, V, HALAL_POT, KOSHER_POT"
millo,-,"VG, V, HALAL_POT, KOSHER_POT"
bouye,-,"VG, V, HALAL_POT, KOSHER_POT"
pasta de cacauet,"Gluten, Cacauets","VG, V, HALAL_POT, KOSHER_POT"
flor d'aranja,-,"VG, V, HALAL_POT, KOSHER_POT"
aletes de pollastre,-,
peix sencer,Peix,"HALAL_POT, KOSHER_POT"
espècia suya,-,"VG, V, HALAL_POT, KOSHER_POT"
verdures de fulla,-,"VG, V, HALAL_POT, KOSHER_POT"
pebre sec,-,"VG, V, HALAL_POT, KOSHER_POT"
cranc sec en pols,Crustacis,HALAL_POT
egusi,-,"VG, V, HALAL_POT, KOSHER_POT"
ede,-,"VG, V, HALAL_POT, KOSHER_POT"
llavors de bokolisa,-,"VG, V, HALAL_POT, KOSHER_POT"
psyllium,-,"VG, V, HALAL_POT, KOSHER_POT"
camaró,-,"VG, V, HALAL_POT, KOSHER_POT"
llavors de cotó,-,"VG, V, HALAL_POT, KOSHER_POT"
carn de bosc,-,"VG, V, HALAL_POT, KOSHER_POT"
pols de natilles,-,"VG, V, HALAL_POT, KOSHER_POT"
fulles editan,-,"VG, V, HALAL_POT, KOSHER_POT"
efo igbo,-,"VG, V, HALAL_POT, KOSHER_POT"
sardines,Peix,"HALAL_POT, KOSHER_POT"
ngolo,-,"VG, V, HALAL_POT, KOSHER_POT"
camarons,-,"VG, V, HALAL_POT, KOSHER_POT"
caragols,-,"VG, V, HALAL_POT, KOSHER_POT"
panla,-,"VG, V, HALAL_POT, KOSHER_POT"
semovita,-,"VG, V, HALAL_POT, KOSHER_POT"
kulikuli,-,"VG, V, HALAL_POT, KOSHER_POT"
nchu anwu,-,"VG, V, HALAL_POT, KOSHER_POT"
ogbono,-,"VG, V, HALAL_POT, KOSHER_POT"
quimbombó,-,"VG, V, HALAL_POT, KOSHER_POT"
ogili,-,"VG, V, HALAL_POT, KOSHER_POT"
papaia seca,-,"VG, V, HALAL_POT, KOSHER_POT"
cacauets torrats,Cacauets,"VG, V, HALAL_POT, KOSHER_POT"
xili en flocs,-,"VG, V, HALAL_POT, KOSHER_POT"
uziza,-,"VG, V, HALAL_POT, KOSHER_POT"
mofletes de pollastre,-,
brou de marisc,-,HALAL_POT
ales de gall dindi,-,
mill,-,"VG, V, HALAL_POT, KOSHER_POT"
fesols,-,"VG, V, HALAL_POT, KOSHER_POT"
carn o peix,Peix,"HALAL_POT, KOSHER_POT"
oli de sardina,Peix,"HALAL_POT, KOSHER_POT"
peix o carn picada,Peix,"HALAL_POT, KOSHER_POT"
massapà de rotllet,-,"VG, V, HALAL_POT, KOSHER_POT"
cacauet triturat,Cacauets,"VG, V, HALAL_POT, KOSHER_POT"
xocolata en pols,-,"VG, V, HALAL_POT, KOSHER_POT"
aigua calenta,-,"VG, V, HALAL_POT, KOSHER_POT"
xufes,-,"VG, V, HALAL_POT, KOSHER_POT"
tomàquet fresc,-,"VG, V, HALAL_POT, KOSHER_POT"
panxa,-,"VG, V, HALAL_POT, KOSHER_POT"
pell de vaca,-,
llavor de pa africana,Gluten,"VG, V, HALAL_POT, KOSHER_POT"
kpomo,-,"VG, V, HALAL_POT, KOSHER_POT"
cobertura,-,"VG, V, HALAL_POT, KOSHER_POT"
tonyina o anxova,Peix,"HALAL_POT, KOSHER_POT"
peus de vaca,-,
galetes triturades,Gluten,"VG, V, HALAL_POT, KOSHER_POT"
suc de llimona,-,"VG, V, HALAL_POT, KOSHER_POT"
granets de xocolata,-,"VG, V, HALAL_POT, KOSHER_POT"
grans de xocolata,-,"VG, V, HALAL_POT, KOSHER_POT"
galetes amb xips de xocolata,Gluten,"VG, V, HALAL_POT, KOSHER_POT"
base de galeta,Gluten,"VG, V, HALAL_POT, KOSHER_POT"
fusta fumada,-,"VG, V, HALAL_POT, KOSHER_POT"
peix fresc,Peix,"HALAL_POT, KOSHER_POT"
essència de llimona,-,"VG, V, HALAL_POT, KOSHER_POT"
essència de taronja,-,"VG, V, HALAL_POT, KOSHER_POT"
oblea de pa de pessic,Gluten,"VG, V, HALAL_POT, KOSHER_POT"
massa de full,Gluten,"VG, V, HALAL_POT, KOSHER_POT"
farcit de fruits secs,Fruits secs,"VG, V, HALAL_POT, KOSHER_POT"
nutella,-,"VG, V, HALAL_POT, KOSHER_POT"
barreja de brownie,-,"VG, V, HALAL_POT, KOSHER_POT"
xocolatina,-,"VG, V, HALAL_POT, KOSHER_POT"
segó d'avena,-,"VG, V, HALAL_POT, KOSHER_POT"
avena,-,"VG, V, HALAL_POT, KOSHER_POT"
llet d'avena,Llet,"V, HALAL_POT, KOSHER_POT"
sucre blanc,-,"VG, V, HALAL_POT, KOSHER_POT"
xips de xocolata blanca,-,"VG, V, HALAL_POT, KOSHER_POT"
cervesa stout,Gluten,"VG, V, KOSHER_POT"
fulles de hibisc,-,"VG, V, HALAL_POT, KOSHER_POT"
arròs Ofada,-,"VG, V, HALAL_POT, KOSHER_POT"
musclo,Mol·luscs,HALAL_POT
llavors d'egusi,-,"VG, V, HALAL_POT, KOSHER_POT"
pols akparata,-,"VG, V, HALAL_POT, KOSHER_POT"
fulles d'awa,-,"VG, V, HALAL_POT, KOSHER_POT"
llavors de crayfish,-,"VG, V, HALAL_POT, KOSHER_POT"
fulles d'uziza,-,"VG, V, HALAL_POT, KOSHER_POT"
llavors d'okónbo,-,"VG, V, HALAL_POT, KOSHER_POT"
llavors d'uziza,-,"VG, V, HALAL_POT, KOSHER_POT"
fulles utazi,-,"VG, V, HALAL_POT, KOSHER_POT"
pebrot habanero,-,"VG, V, HALAL_POT, KOSHER_POT"
fulles okazì,-,"VG, V, HALAL_POT, KOSHER_POT"
fulles d'ugu,-,"VG, V, HALAL_POT, KOSHER_POT"
fulles ujuju,-,"VG, V, HALAL_POT, KOSHER_POT"
pebre Cameron,-,"VG, V, HALAL_POT, KOSHER_POT"
fulles d'utazi,-,"VG, V, HALAL_POT, KOSHER_POT"
oli roja,-,"VG, V, HALAL_POT, KOSHER_POT"
llavors d'okìbó,-,"VG, V, HALAL_POT, KOSHER_POT"
fulles ugwu,-,"VG, V, HALAL_POT, KOSHER_POT"
palm kernel,-,"VG, V, HALAL_POT, KOSHER_POT"
fulles d'oha,-,"VG, V, HALAL_POT, KOSHER_POT"
fulles d'ağıla,-,"VG, V, HALAL_POT, KOSHER_POT"
okaaho stick,-,"VG, V, HALAL_POT, KOSHER_POT"
okonomiyaki sauce,-,"VG, V, HALAL_POT, KOSHER_POT"
katsuobushi,-,"VG, V, HALAL_POT, KOSHER_POT"
fulles o bosses,-,"VG, V, HALAL_POT, KOSHER_POT"
fulles ugu,-,"VG, V, HALAL_POT, KOSHER_POT"
nutmeg,-,"VG, V, HALAL_POT, KOSHER_POT"
nostre,-,"VG, V, HALAL_POT, KOSHER_POT"
fulles amagres,-,"VG, V, HALAL_POT, KOSHER_POT"
tall,-,"VG, V, HALAL_POT, KOSHER_POT"
tallades,-,"VG, V, HALAL_POT, KOSHER_POT"
esprai,-,"VG, V, HALAL_POT, KOSHER_POT"
pastís de carbassa,-,"VG, V, HALAL_POT, KOSHER_POT"
crancada,-,"VG, V, HALAL_POT, KOSHER_POT"
umeboshi,-,"VG, V, HALAL_POT, KOSHER_POT"
gruyère,-,"VG, V, HALAL_POT, KOSHER_POT"
fulles oha,-,"VG, V, HALAL_POT, KOSHER_POT"
fulles uziza,-,"VG, V, HALAL_POT, KOSHER_POT"
fulles Ora,-,"VG, V, HALAL_POT, KOSHER_POT"
esència,-,"VG, V, HALAL_POT, KOSHER_POT"
sirope de taronja,-,"VG, V, HALAL_POT, KOSHER_POT"
germent de blat,Gluten,"VG, V, HALAL_POT, KOSHER_POT"
galetes Oreo,Gluten,"VG, V, HALAL_POT, KOSHER_POT"
masa harina,-,"VG, V, HALAL_POT, KOSHER_POT"
pols d'okra,-,"VG, V, HALAL_POT, KOSHER_POT"
brou de carn,-,"VG, V, HALAL_POT, KOSHER_POT"
crayfish,-,"VG, V, HALAL_POT, KOSHER_POT"
dryfish,-,"VG, V, HALAL_POT, KOSHER_POT"
ikong ubong,-,"VG, V, HALAL_POT, KOSHER_POT"
rub,-,"VG, V, HALAL_POT, KOSHER_POT"
olors de fusta,-,"VG, V, HALAL_POT, KOSHER_POT"
vieira,Mol·luscs,HALAL_POT
meló amarg,-,"VG, V, HALAL_POT, KOSHER_POT"
aigua mineral,-,"VG, V, HALAL_POT, KOSHER_POT"
raviolis,-,"VG, V, HALAL_POT, KOSHER_POT"
col xinesa,-,"VG, V, HALAL_POT, KOSHER_POT"
fruits vermells,-,"VG, V, HALAL_POT, KOSHER_POT"
farina de blat germinat,Gluten,"VG, V, HALAL_POT, KOSHER_POT"
farina de llegums,Gluten,"VG, V, HALAL_POT, KOSHER_POT"
guanciale,-,"VG, V, HALAL_POT, KOSHER_POT"
formatge pecorino,Llet,"V, HALAL_POT"
formatge gorgonzola,Llet,"V, HALAL_POT"
formatge mascarpone,Llet,"V, HALAL_POT"
caviar,-,HALAL_POT
salses,-,"VG, V, HALAL_POT, KOSHER_POT"
carabassa,-,"VG, V, HALAL_POT, KOSHER_POT"
coliflora,-,"VG, V, HALAL_POT, KOSHER_POT"
formatge ricotta,Llet,"V, HALAL_POT"
fonio,-,"VG, V, HALAL_POT, KOSHER_POT"
vinagre de poma,-,"VG, V, HALAL_POT, KOSHER_POT"
pasta tikka masala,Gluten,"VG, V, HALAL_POT, KOSHER_POT"
sucre en pols,-,"VG, V, HALAL_POT, KOSHER_POT"
base de galeta de xocolata,Gluten,"VG, V, HALAL_POT, KOSHER_POT"
xocolata calenta,-,"VG, V, HALAL_POT, KOSHER_POT"
peres,-,"VG, V, HALAL_POT, KOSHER_POT"
pèsols grocs,-,"VG, V, HALAL_POT, KOSHER_POT"
nous pacana,Fruits secs,"VG, V, HALAL_POT, KOSHER_POT"
whisky o rom,-,"VG, V, KOSHER_POT"
mongetes pelades,-,"VG, V, HALAL_POT, KOSHER_POT"
pasta penne,Gluten,"VG, V, HALAL_POT, KOSHER_POT"
pasta orzo,Gluten,"VG, V, HALAL_POT, KOSHER_POT"
vinagreta italiana,-,"VG, V, HALAL_POT, KOSHER_POT"
carn de cavall,-,"VG, V, HALAL_POT, KOSHER_POT"
arenques,-,"VG, V, HALAL_POT, KOSHER_POT"
pastís de carn,-,"VG, V, HALAL_POT, KOSHER_POT"
sopa de pèsols,-,"VG, V, HALAL_POT, KOSHER_POT"
farcit de xucrut o formatge,Llet,"V, HALAL_POT"
farcit de formatge o col fermentada,Llet,"V, HALAL_POT"
vinagre negre dolç,-,"VG, V, HALAL_POT, KOSHER_POT"
peix fermentat,Peix,"HALAL_POT, KOSHER_POT"
Mostarda Bolognese,-,"VG, V, HALAL_POT, KOSHER_POT"
farina de blat dur,Gluten,"VG, V, HALAL_POT, KOSHER_POT"
pa per hot dog,Gluten,"VG, V, HALAL_POT, KOSHER_POT"
salsa de pizza,-,"VG, V, HALAL_POT, KOSHER_POT"
massa de croissant,Gluten,"VG, V, HALAL_POT, KOSHER_POT"
espècies de pizza,-,"VG, V, HALAL_POT, KOSHER_POT"
placenta,-,"VG, V, HALAL_POT, KOSHER_POT"
zucchini,-,"VG, V, HALAL_POT, KOSHER_POT"
cebes en vinagre,-,"VG, V, HALAL_POT, KOSHER_POT"
rotllets de salsitxa,-,
rai,-,"VG, V, HALAL_POT, KOSHER_POT"
escorça,-,"VG, V, HALAL_POT, KOSHER_POT"
bitters,-,"VG, V, HALAL_POT, KOSHER_POT"
lli de cervesa,Gluten,"VG, V, KOSHER_POT"
pell d'aranja seca,-,"VG, V, HALAL_POT, KOSHER_POT"
mongetes de Lima,-,"VG, V, HALAL_POT, KOSHER_POT"
envolcall,-,"VG, V, HALAL_POT, KOSHER_POT"
ginseng,-,"VG, V, HALAL_POT, KOSHER_POT"
salmó fumat,Peix,"HALAL_POT, KOSHER_POT"
portobello,-,"VG, V, HALAL_POT, KOSHER_POT"
envolcalls,-,"VG, V, HALAL_POT, KOSHER_POT"
tomato paste,-,"VG, V, HALAL_POT, KOSHER_POT"
patates de colors,-,"VG, V, HALAL_POT, KOSHER_POT"
hogao,-,"VG, V, HALAL_POT, KOSHER_POT"
sirope d'auró,-,"VG, V, HALAL_POT, KOSHER_POT"
kolbasz,-,"VG, V, HALAL_POT, KOSHER_POT"
chana dhal,-,"VG, V, HALAL_POT, KOSHER_POT"
flocs,-,"VG, V, HALAL_POT, KOSHER_POT"
gnocchi,-,"VG, V, HALAL_POT, KOSHER_POT"
tomàquets secs,-,"VG, V, HALAL_POT, KOSHER_POT"
sopa de formatge,Llet,"V, HALAL_POT"
flocs o farina,Gluten,"VG, V, HALAL_POT, KOSHER_POT"
foigras,-,"VG, V, HALAL_POT, KOSHER_POT"
col negra,-,"VG, V, HALAL_POT, KOSHER_POT"
carn rostida,-,"VG, V, HALAL_POT, KOSHER_POT"
pollastre o porc,-,
rapini,-,"VG, V, HALAL_POT, KOSHER_POT"
aperitiu,-,"VG, V, HALAL_POT, KOSHER_POT"
marzipan,-,"VG, V, HALAL_POT, KOSHER_POT"
curri leaves,-,"VG, V, HALAL_POT, KOSHER_POT"
jaggery,-,"VG, V, HALAL_POT, KOSHER_POT"
marmelada,-,"VG, V, HALAL_POT, KOSHER_POT"
puré de carbassa,-,"VG, V, HALAL_POT, KOSHER_POT"
allspice,-,"VG, V, HALAL_POT, KOSHER_POT"
lluït,-,"VG, V, HALAL_POT, KOSHER_POT"
farina de cassava,Gluten,"VG, V, HALAL_POT, KOSHER_POT"
prunes,-,"VG, V, HALAL_POT, KOSHER_POT"
capres,-,"VG, V, HALAL_POT, KOSHER_POT"
pecorino,-,"V, HALAL_POT"
ous de guatlla,Ous,
tarongina,-,"VG, V, HALAL_POT, KOSHER_POT"
mescla per pastís,-,"VG, V, HALAL_POT, KOSHER_POT"
herbes italianes,-,"VG, V, HALAL_POT, KOSHER_POT"
aigua gasificada,-,"VG, V, HALAL_POT, KOSHER_POT"
codony,-,"VG, V, HALAL_POT, KOSHER_POT"
quinoa,-,"VG, V, HALAL_POT, KOSHER_POT"
tamari,Soja,"VG, V, HALAL_POT, KOSHER_POT"
vinagre d'arròs,-,"VG, V, HALAL_POT, KOSHER_POT"
salsa chili-all,-,"VG, V, HALAL_POT, KOSHER_POT"
col rossa,-,"VG, V, HALAL_POT, KOSHER_POT"
bolets shiitake,-,"VG, V, HALAL_POT, KOSHER_POT"
mongetes adzuki,-,"VG, V, HALAL_POT, KOSHER_POT"
Quorn,-,"VG, V, HALAL_POT, KOSHER_POT"
massa filo,Gluten,"VG, V, HALAL_POT, KOSHER_POT"
vi xerès,-,"VG, V"
pioresc,-,"VG, V, HALAL_POT, KOSHER_POT"
ragi,-,"VG, V, HALAL_POT, KOSHER_POT"
sprinkles,-,"VG, V, HALAL_POT, KOSHER_POT"
xili sec,-,"VG, V, HALAL_POT, KOSHER_POT"
lima rosa,-,"VG, V, HALAL_POT, KOSHER_POT"
whipped cream,-,"VG, V, HALAL_POT, KOSHER_POT"
maple syrup,-,"VG, V, HALAL_POT, KOSHER_POT"
chia,-,"VG, V, HALAL_POT, KOSHER_POT"
ronyons de vedella,-,
pebrots encurtits,-,"VG, V, HALAL_POT, KOSHER_POT"
acidó,-,"VG, V, HALAL_POT, KOSHER_POT"
herbes provençals,-,"VG, V, HALAL_POT, KOSHER_POT"
suji,-,"VG, V, HALAL_POT, KOSHER_POT"
carn de vedella,-,
lemongrass,-,"VG, V, HALAL_POT, KOSHER_POT"
rodea corned beef,-,"VG, V, HALAL_POT, KOSHER_POT"
xucrut,-,"VG, V, HALAL_POT, KOSHER_POT"
pa de sègol,Gluten,"VG, V, HALAL_POT, KOSHER_POT"
formatge suís,Llet,"V, HALAL_POT"
ruibarbre,-,"VG, V, HALAL_POT, KOSHER_POT"
pa sec,Gluten,"VG, V, HALAL_POT, KOSHER_POT"
baharat,-,"VG, V, HALAL_POT, KOSHER_POT"
cereals d'arròs,-,"VG, V, HALAL_POT, KOSHER_POT"
anatto,-,"VG, V, HALAL_POT, KOSHER_POT"
carn de moltó,-,"VG, V, HALAL_POT, KOSHER_POT"
bolet,-,"VG, V, HALAL_POT, KOSHER_POT"
basilic,-,"VG, V, HALAL_POT, KOSHER_POT"
mongeta tendra,-,"VG, V, HALAL_POT, KOSHER_POT"
rafano,-,"VG, V, HALAL_POT, KOSHER_POT"
biltong,-,"VG, V, HALAL_POT, KOSHER_POT"
iguana,-,"VG, V, HALAL_POT, KOSHER_POT"
gall dindi,-,
bròquil de Brussel·les,-,"VG, V, HALAL_POT, KOSHER_POT"
tomàquet cirerol,-,"VG, V, HALAL_POT, KOSHER_POT"
vi de Madeira,-,"VG, V, HALAL_POT"
fruita confitada,-,"VG, V, HALAL_POT, KOSHER_POT"
rooibos,-,"VG, V, HALAL_POT, KOSHER_POT"
vi o cervesa,Gluten,"VG, V"
grana de rosa,-,"V, HALAL_POT"
midó de patata,-,"VG, V, HALAL_POT, KOSHER_POT"
llom de porc,-,
pistatxos o ametlles,Fruits secs,"VG, V, HALAL_POT, KOSHER_POT"
morro de vaca,-,
arròs comprimit,-,"VG, V, HALAL_POT, KOSHER_POT"
galetes fregides,Gluten,"VG, V, HALAL_POT, KOSHER_POT"
extracte de malt,-,"VG, V, HALAL_POT, KOSHER_POT"
farina blanca,Gluten,"VG, V, HALAL_POT, KOSHER_POT"
grans de sègol,-,"VG, V, HALAL_POT, KOSHER_POT"
llavors de meló,-,"VG, V, HALAL_POT, KOSHER_POT"
pebrot sec,-,"VG, V, HALAL_POT, KOSHER_POT"
hummus,-,"VG, V, HALAL_POT, KOSHER_POT"
salsa amba,-,"VG, V, HALAL_POT, KOSHER_POT"
melmelada d'albercoc,-,"VG, V, HALAL_POT, KOSHER_POT"
xocolata negra,-,"VG, V, HALAL_POT, KOSHER_POT"
escalunyes,-,"VG, V, HALAL_POT, KOSHER_POT"
enciams frisée,-,"VG, V, HALAL_POT, KOSHER_POT"
vinagreta,-,"VG, V, HALAL_POT, KOSHER_POT"
julivert o coriandre,-,"VG, V, HALAL_POT, KOSHER_POT"
cogombres,-,"VG, V, HALAL_POT, KOSHER_POT"
peix salat,Peix,"HALAL_POT, KOSHER_POT"
fulles de mostassa,Mostassa,"VG, V, HALAL_POT, KOSHER_POT"
melmelada o crema,Llet,"V, HALAL_POT, KOSHER_POT"
tempoyak,-,"VG, V, HALAL_POT, KOSHER_POT"
petai,-,"VG, V, HALAL_POT, KOSHER_POT"
citronel·la,-,"VG, V, HALAL_POT, KOSHER_POT"
toor dal,-,"VG, V, HALAL_POT, KOSHER_POT"
dal vermell,-,"VG, V, HALAL_POT, KOSHER_POT"
fenoigrec,-,"VG, V, HALAL_POT, KOSHER_POT"
anet o julivert,-,"VG, V, HALAL_POT, KOSHER_POT"
crema de palma,Llet,"V, HALAL_POT, KOSHER_POT"
homi,-,"VG, V, HALAL_POT, KOSHER_POT"
sauerkraut,-,"VG, V, HALAL_POT, KOSHER_POT"
fulles verdes,-,"VG, V, HALAL_POT, KOSHER_POT"
tortellini,-,"VG, V, HALAL_POT, KOSHER_POT"
mostassa en pols,Mostassa,"VG, V, HALAL_POT, KOSHER_POT"
seuet,-,"VG, V, HALAL_POT, KOSHER_POT"
bròquil rabe,-,"VG, V, HALAL_POT, KOSHER_POT"
salam,-,"VG, V, HALAL_POT, KOSHER_POT"
kirsch,-,"VG, V, HALAL_POT, KOSHER_POT"
julivert sec,-,"VG, V, HALAL_POT, KOSHER_POT"
mandonguilles de peix,Peix,"HALAL_POT, KOSHER_POT"
brou de gambes,Crustacis,HALAL_POT
suc de cloïsses,Mol·luscs,HALAL_POT
salsitxa andouille,-,
anís estrellat,-,"VG, V, KOSHER_POT"
farina d'alta proteïna,Gluten,"VG, V, HALAL_POT, KOSHER_POT"
farina de baixa proteïna,Gluten,"VG, V, HALAL_POT, KOSHER_POT"
bastons de cranc,Crustacis,HALAL_POT
arròs per risotto,-,"VG, V, HALAL_POT, KOSHER_POT"
Pinot Noir,-,"VG, V, HALAL_POT, KOSHER_POT"
spice berbere,-,"VG, V, HALAL_POT, KOSHER_POT"
farina de sèmola,Gluten,"VG, V, HALAL_POT, KOSHER_POT"
farina de pa,Gluten,"VG, V, HALAL_POT, KOSHER_POT"
flocs de civada,Gluten,"VG, V, HALAL_POT, KOSHER_POT"
fideus cruixents,Gluten,"VG, V, HALAL_POT, KOSHER_POT"
puris,-,"VG, V, HALAL_POT, KOSHER_POT"
spices,-,"VG, V, HALAL_POT, KOSHER_POT"
aigua de flor de taronger,-,"VG, V, HALAL_POT, KOSHER_POT"
aletes de tauró,-,"VG, V, HALAL_POT, KOSHER_POT"
gamba seca,Crustacis,HALAL_POT
grassa de bacon,-,
vi xinès,-,"VG, V, HALAL_POT"
seu,-,"VG, V, HALAL_POT, KOSHER_POT"
shiro,-,"VG, V, HALAL_POT, KOSHER_POT"
formatge blanc,Llet,"V, HALAL_POT"
hot dogs,-,"VG, V, HALAL_POT, KOSHER_POT"
mongetes germinades,-,"VG, V, HALAL_POT, KOSHER_POT"
gira-sol,-,"VG, V, HALAL_POT, KOSHER_POT"
tortilla chips,-,"VG, V, HALAL_POT, KOSHER_POT"
tuna seca,-,"VG, V, HALAL_POT, KOSHER_POT"
rábanos,-,"VG, V, HALAL_POT, KOSHER_POT"
formatge groc,Llet,"V, HALAL_POT"
cap de porc,-,
barbacoa,-,"VG, V, HALAL_POT, KOSHER_POT"
eulachon,-,"VG, V, HALAL_POT, KOSHER_POT"
pebre de llimona,-,"VG, V, HALAL_POT, KOSHER_POT"
fusta mesquite,-,"VG, V, HALAL_POT, KOSHER_POT"
fusta hickory,-,"VG, V, HALAL_POT, KOSHER_POT"
formatge pepper jack,Llet,"V, HALAL_POT"
aletes,-,"VG, V, HALAL_POT, KOSHER_POT"
salsa chipotle,-,"VG, V, HALAL_POT, KOSHER_POT"
dill,-,"VG, V, HALAL_POT, KOSHER_POT"
fulles de pandan,-,"VG, V, HALAL_POT, KOSHER_POT"
manioca,-,"VG, V, HALAL_POT, KOSHER_POT"
beixamel,-,"VG, V, HALAL_POT, KOSHER_POT"
puré de pèsols,-,"VG, V, HALAL_POT, KOSHER_POT"
mantega de llagosta,"Llet, Mol·luscs",HALAL_POT
brou clar,-,"VG, V, HALAL_POT, KOSHER_POT"
croutons,-,"VG, V, HALAL_POT, KOSHER_POT"
djansang,-,"VG, V, HALAL_POT, KOSHER_POT"
àtieke,-,"VG, V, HALAL_POT, KOSHER_POT"
kèfir,-,"VG, V, HALAL_POT, KOSHER_POT"
farina de ragi,Gluten,"VG, V, HALAL_POT, KOSHER_POT"
greix de bacon,-,
soja texturitzada,Soja,"VG, V, HALAL_POT, KOSHER_POT"
anchova,-,"VG, V, HALAL_POT, KOSHER_POT"
alcaparrons,-,"VG, V, HALAL_POT, KOSHER_POT"
spaghetti,-,"VG, V, HALAL_POT, KOSHER_POT"
crustacis,-,"VG, V, HALAL_POT, KOSHER_POT"
espècies italianes,-,"VG, V, HALAL_POT, KOSHER_POT"
brou de cloïsses,Mol·luscs,HALAL_POT
farina d'espelta,Gluten,"VG, V, HALAL_POT, KOSHER_POT"
llavors d'api,Api,"VG, V, HALAL_POT, KOSHER_POT"
pimienta de Jamaica,-,"VG, V, HALAL_POT, KOSHER_POT"
macis,-,"VG, V, HALAL_POT, KOSHER_POT"
vinagre de sidra,-,"VG, V, HALAL_POT, KOSHER_POT"
salsa de soia,-,"VG, V, HALAL_POT, KOSHER_POT"
oli de xili,-,"VG, V, HALAL_POT, KOSHER_POT"
oli de canola,-,"VG, V, HALAL_POT, KOSHER_POT"
pasta de curry vermell,Gluten,"VG, V, HALAL_POT, KOSHER_POT"
corriandre,-,"VG, V, HALAL_POT, KOSHER_POT"
pell de llima,-,"VG, V, HALAL_POT, KOSHER_POT"
sèmola de blat de moro,-,"VG, V, HALAL_POT, KOSHER_POT"
udon,-,"VG, V, HALAL_POT, KOSHER_POT"
misso,Soja,"VG, V, HALAL_POT, KOSHER_POT"
farina de civada,Gluten,"VG, V, HALAL_POT, KOSHER_POT"
pesto,-,"VG, V, HALAL_POT, KOSHER_POT"
linguine,-,"VG, V, HALAL_POT, KOSHER_POT"
glassa,-,"VG, V, HALAL_POT, KOSHER_POT"
ronyó,-,"VG, V, HALAL_POT, KOSHER_POT"
massa de suet,Gluten,"VG, V, HALAL_POT, KOSHER_POT"
capers,-,"VG, V, HALAL_POT, KOSHER_POT"
vi ranci,-,"VG, V"
boles de peix,Peix,"HALAL_POT, KOSHER_POT"
cascara de cítrics,-,"VG, V, HALAL_POT, KOSHER_POT"
formatges,-,"VG, V, HALAL_POT, KOSHER_POT"
suc de maduixa,-,"VG, V, HALAL_POT, KOSHER_POT"
schnapps,-,"VG, V, HALAL_POT, KOSHER_POT"
piruleta,-,"VG, V, HALAL_POT, KOSHER_POT"
brioche,Gluten,"VG, V, HALAL_POT, KOSHER_POT"
tempeh,-,"VG, V, HALAL_POT, KOSHER_POT"
sopa de verdures,-,"VG, V, HALAL_POT, KOSHER_POT"
espiga de blat,Gluten,"VG, V, HALAL_POT, KOSHER_POT"
porc salat,-,
col napa,-,"VG, V, HALAL_POT, KOSHER_POT"
boulon,-,"VG, V, HALAL_POT, KOSHER_POT"
mora,-,"VG, V, HALAL_POT, KOSHER_POT"
grossella,-,"VG, V, HALAL_POT, KOSHER_POT"
llim,-,"VG, V, HALAL_POT, KOSHER_POT"
galetes d'arròs,Gluten,"VG, V, HALAL_POT, KOSHER_POT"
vermicell,-,"VG, V, HALAL_POT, KOSHER_POT"
locust bean gum,-,"VG, V, HALAL_POT, KOSHER_POT"
inulina,-,"VG, V, HALAL_POT, KOSHER_POT"
suero,-,"VG, V, HALAL_POT, KOSHER_POT"
arròs japonès,-,"VG, V, HALAL_POT, KOSHER_POT"
vedella de vedell,-,
vi de xina,-,"VG, V, HALAL_POT"
salchicha,-,"VG, V, HALAL_POT, KOSHER_POT"
compota,-,"VG, V, HALAL_POT, KOSHER_POT"
rosinyols,-,"VG, V, HALAL_POT, KOSHER_POT"
pebre garofi,-,"VG, V, HALAL_POT, KOSHER_POT"
essències,-,"VG, V, HALAL_POT, KOSHER_POT"
hatxora,-,"VG, V, HALAL_POT, KOSHER_POT"
coriandre fresca,-,"VG, V, HALAL_POT, KOSHER_POT"
arròs basmati,-,"VG, V, HALAL_POT, KOSHER_POT"
aigua de kewra,-,"VG, V, HALAL_POT, KOSHER_POT"
farina de rice,Gluten,"VG, V, HALAL_POT, KOSHER_POT"
ginebre,-,"VG, V, HALAL_POT, KOSHER_POT"
fever leaves,-,"VG, V, HALAL_POT, KOSHER_POT"
tagliatelle,-,"VG, V, HALAL_POT, KOSHER_POT"
cec,-,"VG, V, HALAL_POT, KOSHER_POT"
cumin seeds,-,"VG, V, HALAL_POT, KOSHER_POT"
onion seeds,-,"VG, V, HALAL_POT, KOSHER_POT"
carn de pollastre,-,
ralladura,-,"VG, V, HALAL_POT, KOSHER_POT"
perles de tapioca,-,"VG, V, HALAL_POT, KOSHER_POT"
faves negres,-,"VG, V, HALAL_POT, KOSHER_POT"
formatge reblochon,Llet,"V, HALAL_POT"
crema de llet,Llet,"V, HALAL_POT, KOSHER_POT"
tater tots,-,"VG, V, HALAL_POT, KOSHER_POT"
te verd,-,"VG, V, HALAL_POT, KOSHER_POT"
bardana,-,"VG, V, HALAL_POT, KOSHER_POT"
llotja,-,"VG, V, HALAL_POT, KOSHER_POT"
gengibre,-,"VG, V, HALAL_POT, KOSHER_POT"
maça de mesquite,-,"VG, V, HALAL_POT, KOSHER_POT"
old bay,-,"VG, V, HALAL_POT, KOSHER_POT"
tim,-,"VG, V, HALAL_POT, KOSHER_POT"
pasta de curri verd,Gluten,"VG, V, HALAL_POT, KOSHER_POT"
llima kafir,-,"VG, V, HALAL_POT, KOSHER_POT"
pasta de xili,Gluten,"VG, V, HALAL_POT, KOSHER_POT"
vinagre negre,-,"VG, V, HALAL_POT, KOSHER_POT"
edamame,Soja,"VG, V, HALAL_POT, KOSHER_POT"
pasta de curry vegana,Gluten,"VG, V, HALAL_POT, KOSHER_POT"
essència de pandan,-,"VG, V, HALAL_POT, KOSHER_POT"
arròs jeerakasala,-,"VG, V, HALAL_POT, KOSHER_POT"
fulletes de malabar,-,"VG, V, HALAL_POT, KOSHER_POT"
chinens,-,"VG, V, HALAL_POT, KOSHER_POT"
peix pla,Peix,"HALAL_POT, KOSHER_POT"
vermouth,-,"VG, V, HALAL_POT, KOSHER_POT"
corn,-,"VG, V, HALAL_POT, KOSHER_POT"
farina de chufa,Gluten,"VG, V, HALAL_POT, KOSHER_POT"
oli de fruits secs,Fruits secs,"VG, V, HALAL_POT, KOSHER_POT"
verbena,-,"VG, V, HALAL_POT, KOSHER_POT"
flocs nutricionals,-,"VG, V, HALAL_POT, KOSHER_POT"
bacon vegetal,-,"VG, V, HALAL_POT, KOSHER_POT"
llimona kafir,-,"VG, V, HALAL_POT, KOSHER_POT"
chile,-,"VG, V, HALAL_POT, KOSHER_POT"
vi de cuinar,-,"VG, V, HALAL_POT"
poma fuji,-,"VG, V, HALAL_POT, KOSHER_POT"
kansui,-,"VG, V, HALAL_POT, KOSHER_POT"
acelga,-,"VG, V, HALAL_POT, KOSHER_POT"
veal,-,"VG, V, HALAL_POT, KOSHER_POT"
vi riesling,-,"VG, V, HALAL_POT"
sallot,-,"VG, V, HALAL_POT, KOSHER_POT"
massa de lasanya,Gluten,"VG, V, HALAL_POT, KOSHER_POT"
farina amb llevat,Gluten,"VG, V, HALAL_POT, KOSHER_POT"
bean paste,-,"VG, V, HALAL_POT, KOSHER_POT"
sherry,-,"VG, V"
granillo,-,"VG, V, HALAL_POT, KOSHER_POT"
formatge kashkaval,Llet,"V, HALAL_POT"
peu de vedella,-,
apionabo,-,"VG, V, HALAL_POT, KOSHER_POT"
patates xips,-,"VG, V, HALAL_POT, KOSHER_POT"
tapenades,-,"VG, V, HALAL_POT, KOSHER_POT"
crema de cheddar,Llet,"V, HALAL_POT"
embotits,-,"VG, V, HALAL_POT, KOSHER_POT"
massa de biscuit,Gluten,"VG, V, HALAL_POT, KOSHER_POT"
farina d'ou,"Gluten, Ous","V, HALAL_POT, KOSHER_POT"
vinagre de vi negre,-,"VG, V, HALAL_POT"
tortilla de farina,Gluten,"VG, V, HALAL_POT, KOSHER_POT"
massa de lumpia,Gluten,"VG, V, HALAL_POT, KOSHER_POT"
sègol,-,"VG, V, HALAL_POT, KOSHER_POT"
col kale,-,"VG, V, HALAL_POT, KOSHER_POT"
escarola,-,"VG, V, HALAL_POT, KOSHER_POT"
achara,-,"VG, V, HALAL_POT, KOSHER_POT"
yama,-,"VG, V, HALAL_POT, KOSHER_POT"
peza de lletuga,-,"VG, V, HALAL_POT, KOSHER_POT"
coles,-,"VG, V, HALAL_POT, KOSHER_POT"
brownie,-,"VG, V, HALAL_POT, KOSHER_POT"
fudge,-,"VG, V, HALAL_POT, KOSHER_POT"
prunes japoneses,-,"VG, V, HALAL_POT, KOSHER_POT"
síndria groga,-,"VG, V, HALAL_POT, KOSHER_POT"
fulles de fenigrec,-,"VG, V, HALAL_POT, KOSHER_POT"
fulles d'ugwu,-,"VG, V, HALAL_POT, KOSHER_POT"
llegum urad,-,"VG, V, HALAL_POT, KOSHER_POT"
anacard,Fruits secs,"VG, V, HALAL_POT, KOSHER_POT"
llard,-,"VG, V, HALAL_POT, KOSHER_POT"
ossos de vedella,-,
puré de tomàquet,-,"VG, V, HALAL_POT, KOSHER_POT"
llenties toor,-,"VG, V, HALAL_POT, KOSHER_POT"
panela,-,"VG, V, HALAL_POT, KOSHER_POT"
vegemite,-,"VG, V, HALAL_POT, KOSHER_POT"
pa de motlle,Gluten,"VG, V, HALAL_POT, KOSHER_POT"
llevat vegetal,-,"VG, V, HALAL_POT, KOSHER_POT"
carn vegetal,-,"VG, V, HALAL_POT, KOSHER_POT"
cérvol,-,"VG, V, HALAL_POT, KOSHER_POT"
melmelada de grosella,-,"VG, V, HALAL_POT, KOSHER_POT"
peu de porc,-,
bou,-,
seitó,Peix,"HALAL_POT, KOSHER_POT"
cacau en pols,-,"VG, V, HALAL_POT, KOSHER_POT"
bicarbonat sòdic,-,"VG, V, HALAL_POT, KOSHER_POT"
salsitxa de porc,-,
púding de festucs,Fruits secs,"VG, V, HALAL_POT, KOSHER_POT"
espècies barrejades,-,"VG, V, HALAL_POT, KOSHER_POT"
mongeta blanca,-,"VG, V, HALAL_POT, KOSHER_POT"
flocs de xili,-,"VG, V, HALAL_POT, KOSHER_POT"
sucre o mel,-,"V, HALAL_POT, KOSHER_POT"
galeta de mantega,"Gluten, Llet","V, HALAL_POT, KOSHER_POT"
essència d'ametlla,Fruits secs,"VG, V, HALAL_POT, KOSHER_POT"
llimones verdes,-,"VG, V, HALAL_POT, KOSHER_POT"
pebre limo,-,"VG, V, HALAL_POT, KOSHER_POT"
rocoto,-,"VG, V, HALAL_POT, KOSHER_POT"
llúpols Kent Goldings,-,"VG, V, HALAL_POT, KOSHER_POT"
llúpols Fuggles,-,"VG, V, HALAL_POT, KOSHER_POT"
extracte de malta,-,"VG, V, HALAL_POT, KOSHER_POT"
malta seca,-,"VG, V, HALAL_POT, KOSHER_POT"
malta cristall,-,"VG, V, HALAL_POT, KOSHER_POT"
malta biscuit,-,"VG, V, HALAL_POT, KOSHER_POT"
guix,-,"VG, V, HALAL_POT, KOSHER_POT"
livor de llevat,-,"VG, V, HALAL_POT, KOSHER_POT"
malta Munich,-,"VG, V, HALAL_POT, KOSHER_POT"
malta negra,-,"VG, V, HALAL_POT, KOSHER_POT"
malta de xocolate,-,"VG, V, HALAL_POT, KOSHER_POT"
llúpols,-,"VG, V, HALAL_POT, KOSHER_POT"
llevat Nottingham,-,"VG, V, HALAL_POT, KOSHER_POT"
sucres,-,"VG, V, HALAL_POT, KOSHER_POT"
cub de bouillon,-,"VG, V, HALAL_POT, KOSHER_POT"
oli de palmell,-,"VG, V, HALAL_POT, KOSHER_POT"
nata o llet,Llet,"V, HALAL_POT, KOSHER_POT"
aigua tèbia,-,"VG, V, HALAL_POT, KOSHER_POT"
germ de blat,Gluten,"VG, V, HALAL_POT, KOSHER_POT"
flors de hibisc,-,"VG, V, HALAL_POT, KOSHER_POT"
germens,-,"VG, V, HALAL_POT, KOSHER_POT"
nyores,-,"VG, V, HALAL_POT, KOSHER_POT"
endívies,-,"VG, V, HALAL_POT, KOSHER_POT"
cor del bou,-,
bacin,-,"VG, V, HALAL_POT, KOSHER_POT"
ehu,-,"VG, V, HALAL_POT, KOSHER_POT"
trassi,-,"VG, V, HALAL_POT, KOSHER_POT"
col arrissada,-,"VG, V, HALAL_POT, KOSHER_POT"
teff,-,"VG, V, HALAL_POT, KOSHER_POT"
char siu,-,"VG, V, HALAL_POT, KOSHER_POT"
iogurt vegetal,Llet,"VG, V, HALAL_POT, KOSHER_POT"
sustitut d'ou,Ous,"V, HALAL_POT, KOSHER_POT"
cari,-,"VG, V, HALAL_POT, KOSHER_POT"
chibwabwa,-,"VG, V, HALAL_POT, KOSHER_POT"
masau,-,"VG, V, HALAL_POT, KOSHER_POT"
atzafrán,-,"VG, V, HALAL_POT, KOSHER_POT"
barberis,-,"VG, V, HALAL_POT, KOSHER_POT"
gisar clarificat,-,"VG, V, HALAL_POT, KOSHER_POT"
pawpaw,-,"VG, V, HALAL_POT, KOSHER_POT"
suc de sang,-,"VG, V, HALAL_POT, KOSHER_POT"
suer de llet,Llet,"V, HALAL_POT, KOSHER_POT"