nom_plat,tipus,complexitat,formalitat,mida_racio,temperatura,ingredients,procedencia,especificacio,apte_esdeveniment,llista_ingredients,disponibilitat_plats
Llobarro al Forn amb Patata Panadera,segon,baixa,formal,gran,calent,"['llobarro', 'patata', 'ceba', 'all', 'oli d’oliva', 'vi blanc', 'julivert', 'sal']",,,tots,"['llobarro', 'patata', 'ceba', 'all', 'oli d’oliva', 'vi blanc', 'julivert', 'sal']","['estiu', 'primavera', 'tardor']"
Entrecot a la Brasa amb Guarnició,segon,mitjana,formal,gran,calent,"['vedella', 'sal gruixuda', 'pebre', 'oli d’oliva', 'patata rostida', 'pebrot escalivat']",,,tots,"['vedella', 'sal gruixuda', 'pebre', 'oli d’oliva', 'patata rostida', 'pebrot escalivat']","['estiu', 'tardor']"
Amanida de Mongetes Tendres i Patata,primer,baixa,informal,mitjà,tebi,"['mongetes tendres', 'patata', 'oli d’oliva', 'vinagre', 'sal']",Catalunya,,tots,"['mongetes tendres', 'patata', 'oli d’oliva', 'vinagre', 'sal']","['estiu', 'primavera']"
Cigrons amb Espinacs,primer,mitjana,informal,mitjà,calent,"['cigrons cuits', 'espinacs', 'all', 'oli d’oliva', 'pebre vermell']",Catalunya,,tots,"['cigrons cuits', 'espinacs', 'all', 'oli d’oliva', 'pebre vermell']","['hivern', 'primavera', 'tardor']"
Sopa de Farigola amb Ou,primer,baixa,informal,mitjà,calent,"['farigola', 'aigua', 'pa', 'ou', 'oli d’oliva', 'sal']",Catalunya,,tots,"['farigola', 'aigua', 'pa', 'ou', 'oli d’oliva', 'sal']","['estiu', 'primavera', 'tardor']"
Amanida de Bacallà i Taronja,primer,baixa,informal,mitjà,fred,"['bacallà dessalat', 'taronja', 'olives negres', 'oli d’oliva', 'ceba']",Catalunya,,tots,"['bacallà dessalat', 'taronja', 'olives negres', 'oli d’oliva', 'ceba']","['hivern', 'tardor']"
"Timbal de Patata, Tonyina i Pebrot Escalivat",primer,baixa,informal,mitjà,tebi,"['patata', 'tonyina', 'pebrot escalivat', 'ou dur', 'oli d’oliva']",Catalunya,,tots,"['patata', 'tonyina', 'pebrot escalivat', 'ou dur', 'oli d’oliva']","['estiu', 'tardor']"
Sopa de Verdures,primer,baixa,informal,mitjà,calent,"['verdures', 'aigua', 'sal', 'pastanaga', 'porro', 'api', 'carbassó', 'patata']",Catalunya,,tots,"['verdures', 'aigua', 'sal', 'pastanaga', 'porro', 'api', 'carbassó', 'patata']",['primavera']
Crema de Carbassó,primer,baixa,informal,mitjà,calent,"['carbassó', 'ceba', 'patata', 'verdures', 'aigua', 'sal', 'oli d’oliva']",Catalunya,,tots,"['carbassó', 'ceba', 'patata', 'verdures', 'aigua', 'sal', 'oli d’oliva']","['estiu', 'primavera']"
Xató de Vilanova,primer,mitjana,informal,mitjà,fred,"['escarola', 'tonyina', 'anxoves', 'olives arbequines', 'nyora', 'ametlla', 'avellana', 'tomàquet escalivat', 'all', 'pa', 'oli d’oliva', 'vinagre', 'sal']",Catalunya,,tots,"['escarola', 'tonyina', 'anxoves', 'olives arbequines', 'nyora', 'ametlla', 'avellana', 'tomàquet escalivat', 'all', 'pa', 'oli d’oliva', 'vinagre', 'sal']",['tardor']
Carxofes Confitades amb Pernil,primer,mitjana,informal,mitjà,tebi,"['carxofes', 'oli d’oliva', 'pernil', 'sal']",Catalunya,,tots,"['carxofes', 'oli d’oliva', 'pernil', 'sal']","['hivern', 'primavera', 'tardor']"
Sopa de Peix amb Fideus,primer,mitjana,formal,mitjà,calent,"['peix', 'verdures', 'aigua', 'sal', 'pasta', 'tomàquet', 'all', 'oli d’oliva']",Catalunya,,tots,"['peix', 'verdures', 'aigua', 'sal', 'pasta', 'tomàquet', 'all', 'oli d’oliva']","['estiu', 'tardor']"
Mongetes Tendres Saltejades amb Pernil,primer,baixa,informal,mitjà,tebi,"['mongetes tendres', 'pernil', 'all', 'oli d’oliva']",Catalunya,,tots,"['mongetes tendres', 'pernil', 'all', 'oli d’oliva']","['estiu', 'primavera']"
Amanida de Llegums,primer,baixa,informal,mitjà,fred,"['cigrons', 'mongeta', 'tomàquet', 'ceba', 'pebrot', 'oli d’oliva', 'vinagre']",Catalunya,,tots,"['cigrons', 'mongeta', 'tomàquet', 'ceba', 'pebrot', 'oli d’oliva', 'vinagre']",['tardor']
Cargols a la Cassola,segon,mitjana,informal,gran,calent,"['cargols', 'porc', 'all', 'julivert', 'pebre', 'tomàquet', 'aigua', 'sal']",Catalunya,,tots,"['cargols', 'porc', 'all', 'julivert', 'pebre', 'tomàquet', 'aigua', 'sal']",['estiu']
Filet de Vedella al Pebre Verd,segon,mitjana,formal,gran,calent,"['vedella', 'nata', 'pebre verd', 'conyac', 'mantega', 'sal']",,,tots,"['vedella', 'nata', 'pebre verd', 'conyac', 'mantega', 'sal']","['estiu', 'hivern', 'primavera', 'tardor']"
Rap a la Marinera,segon,mitjana,formal,gran,calent,"['rap', 'all', 'ceba', 'tomàquet', 'vi blanc', 'peix', 'verdures', 'aigua', 'sal', 'oli d’oliva', 'julivert']",,,tots,"['rap', 'all', 'ceba', 'tomàquet', 'vi blanc', 'peix', 'verdures', 'aigua', 'sal', 'oli d’oliva', 'julivert']","['estiu', 'tardor']"
Rostit de Vedella amb Bolets,segon,alta,formal,gran,calent,"['tall rodó de vedella', 'ceba', 'pastanaga', 'tomàquet', 'bolets', 'vi negre', 'aigua', 'sal']",,,tots,"['tall rodó de vedella', 'ceba', 'pastanaga', 'tomàquet', 'bolets', 'vi negre', 'aigua', 'sal']",['tardor']
Mandonguilles amb Salsa d’ametlla,segon,mitjana,informal,mitjà,calent,"['carn picada', 'pa remullat', 'ou', 'all', 'julivert', 'ametlla mòlta', 'ceba', 'tomàquet']",,,tots,"['carn picada', 'pa remullat', 'ou', 'all', 'julivert', 'ametlla mòlta', 'ceba', 'tomàquet']",['tardor']
Fricandó de Vedella,segon,alta,formal,gran,calent,"['vedella', 'moixernons', 'ceba', 'tomàquet', 'farina', 'aigua', 'sal', 'oli d’oliva']",,,tots,"['vedella', 'moixernons', 'ceba', 'tomàquet', 'farina', 'aigua', 'sal', 'oli d’oliva']",['tardor']
Secreto Ibèric a la Planxa amb Chimichurri Suau,segon,baixa,informal,gran,calent,"['secreto ibèric', 'sal', 'pebre', 'oli d’oliva', 'julivert', 'all', 'vinagre', 'orenga']",,,tots,"['secreto ibèric', 'sal', 'pebre', 'oli d’oliva', 'julivert', 'all', 'vinagre', 'orenga']","['estiu', 'primavera', 'tardor']"
Presa Ibèrica amb Salsa de Mostassa Antiga,segon,mitjana,formal,gran,calent,"['presa ibèrica', 'mostassa antiga', 'nata', 'conyac', 'sal', 'pebre']",,,tots,"['presa ibèrica', 'mostassa antiga', 'nata', 'conyac', 'sal', 'pebre']","['estiu', 'hivern', 'primavera', 'tardor']"
Costelles de Porc a Baixa Temperatura,segon,alta,informal,gran,calent,"['porc', 'tomàquet', 'sucre o mel', 'vinagre', 'espècies', 'mel', 'mostassa', 'sal', 'pebre']",,,tots,"['porc', 'tomàquet', 'sucre o mel', 'vinagre', 'espècies', 'mel', 'mostassa', 'sal', 'pebre']",['estiu']
Garró de Porc al Forn amb Patates,segon,mitjana,formal,gran,calent,"['porc', 'all', 'romaní', 'sal', 'patates', 'oli d’oliva']",,,tots,"['porc', 'all', 'romaní', 'sal', 'patates', 'oli d’oliva']","['estiu', 'primavera', 'tardor']"
Xai al Forn amb Herbes,segon,mitjana,formal,gran,calent,"['xai', 'all', 'romaní', 'farigola', 'oli d’oliva', 'sal', 'patates']",,,tots,"['xai', 'all', 'romaní', 'farigola', 'oli d’oliva', 'sal', 'patates']","['estiu', 'primavera', 'tardor']"
Corder al Chilindrón,segon,mitjana,informal,gran,calent,"['carn de corder', 'pebrot roig', 'tomàquet', 'ceba', 'all', 'vi blanc', 'oli d’oliva']",,,tots,"['carn de corder', 'pebrot roig', 'tomàquet', 'ceba', 'all', 'vi blanc', 'oli d’oliva']","['estiu', 'tardor']"
Pollastre Rostit amb Prunes i Pinyons,segon,mitjana,formal,gran,calent,"['pollastre', 'prunes', 'pinyons', 'ceba', 'vi dolç', 'aigua', 'sal', 'oli d’oliva']",,,tots,"['pollastre', 'prunes', 'pinyons', 'ceba', 'vi dolç', 'aigua', 'sal', 'oli d’oliva']",['tardor']
Magret d’ànec amb Reducció de Vi,segon,alta,formal,gran,calent,"['magret d’ànec', 'vi negre', 'sucre', 'mantega', 'sal', 'pebre']",,,tots,"['magret d’ànec', 'vi negre', 'sucre', 'mantega', 'sal', 'pebre']","['estiu', 'hivern', 'primavera', 'tardor']"
Pollastre al Curri Suau amb Arròs,segon,mitjana,informal,gran,calent,"['pollastre', 'curri', 'llet de coco', 'nata', 'ceba', 'arròs blanc']",,,tots,"['pollastre', 'curri', 'llet de coco', 'nata', 'ceba', 'arròs blanc']","['estiu', 'hivern', 'primavera', 'tardor']"
Confit d’ànec amb Poma,segon,alta,formal,gran,calent,"['cuixa d’ànec confitada', 'poma saltejada', 'reducció de vi']",Catalunya,,tots,"['cuixa d’ànec confitada', 'poma saltejada', 'reducció de vi']","['hivern', 'primavera', 'tardor']"
Esqueixada amb Alvocat,primer,baixa,informal,mitjà,fred,"['bacallà', 'alvocat', 'tomàquet', 'ceba', 'oli d’oliva', 'llimona']",Catalunya,,tots,"['bacallà', 'alvocat', 'tomàquet', 'ceba', 'oli d’oliva', 'llimona']",['tardor']
Calçots amb Romesco,primer,mitjana,informal,mitjà,tebi,"['calçots', 'nyora', 'ametlla', 'avellana', 'tomàquet escalivat', 'all', 'pa', 'oli d’oliva', 'vinagre', 'sal']",Catalunya,,tots,"['calçots', 'nyora', 'ametlla', 'avellana', 'tomàquet escalivat', 'all', 'pa', 'oli d’oliva', 'vinagre', 'sal']",[]
Pollastre a la Cassola amb Bolets,segon,mitjana,formal,gran,calent,"['pollastre', 'bolets', 'all', 'ceba', 'tomàquet', 'vi blanc', 'aigua', 'sal']",Catalunya,,tots,"['pollastre', 'bolets', 'all', 'ceba', 'tomàquet', 'vi blanc', 'aigua', 'sal']",['tardor']
Llobarro a la Donostiarra,segon,mitjana,formal,gran,calent,"['llobarro', 'all', 'bitxo', 'oli d’oliva', 'julivert', 'llimona']",Catalunya,,tots,"['llobarro', 'all', 'bitxo', 'oli d’oliva', 'julivert', 'llimona']",['tardor']
Arròs Negre,segon,mitjana,informal,gran,calent,"['arròs', 'tinta de sípia', 'calamar', 'peix', 'verdures', 'aigua', 'sal', 'all', 'oli d’oliva', 'ou']",Catalunya,,tots,"['arròs', 'tinta de sípia', 'calamar', 'peix', 'verdures', 'aigua', 'sal', 'all', 'oli d’oliva', 'ou']","['estiu', 'primavera', 'tardor']"
Arròs Caldós de Peix,segon,alta,formal,gran,calent,"['arròs', 'peix', 'verdures', 'aigua', 'sal', 'rap', 'lluç', 'gamba', 'tomàquet', 'all']",Catalunya,,tots,"['arròs', 'peix', 'verdures', 'aigua', 'sal', 'rap', 'lluç', 'gamba', 'tomàquet', 'all']",['estiu']
Coca de Recapte,primer,mitjana,informal,mitjà,tebi,"['farina', 'pebrot', 'albergínia', 'seitó', 'arengada', 'oli d’oliva']",Catalunya,,tots,"['farina', 'pebrot', 'albergínia', 'seitó', 'arengada', 'oli d’oliva']",['estiu']
Espàrrecs a la Brasa amb Romesco,primer,baixa,informal,mitjà,tebi,"['espàrrecs', 'nyora', 'ametlla', 'avellana', 'tomàquet escalivat', 'all', 'pa', 'oli d’oliva', 'vinagre', 'sal']",Catalunya,,tots,"['espàrrecs', 'nyora', 'ametlla', 'avellana', 'tomàquet escalivat', 'all', 'pa', 'oli d’oliva', 'vinagre', 'sal']",[]
Amanida de Favetes amb Pernil,primer,baixa,informal,mitjà,tebi,"['favetes tendres', 'pernil', 'menta', 'oli d’oliva', 'sal']",Catalunya,,tots,"['favetes tendres', 'pernil', 'menta', 'oli d’oliva', 'sal']",['primavera']
Faves a la Catalana,primer,mitjana,informal,mitjà,calent,"['faves', 'porc', 'butifarra negra', 'ceba', 'vi', 'oli d’oliva', 'menta']",Catalunya,,tots,"['faves', 'porc', 'butifarra negra', 'ceba', 'vi', 'oli d’oliva', 'menta']",['primavera']
Cargols a la Llauna,primer,mitjana,informal,mitjà,calent,"['cargols', 'sal', 'oli d’oliva', 'all', 'ou']",Catalunya,,tots,"['cargols', 'sal', 'oli d’oliva', 'all', 'ou']","['estiu', 'primavera']"
Brandada de Bacallà,primer,mitjana,informal,mitjà,tebi,"['bacallà dessalat', 'patata', 'oli d’oliva', 'all', 'llet']",Catalunya,,tots,"['bacallà dessalat', 'patata', 'oli d’oliva', 'all', 'llet']","['estiu', 'hivern', 'primavera', 'tardor']"
Trinxat de la Cerdanya,primer,mitjana,informal,mitjà,calent,"['col d’hivern', 'patata', 'porc', 'all', 'oli d’oliva', 'sal']",Catalunya,,tots,"['col d’hivern', 'patata', 'porc', 'all', 'oli d’oliva', 'sal']","['estiu', 'hivern', 'primavera', 'tardor']"
Amanida de Formatge de Cabra amb Fruits Secs,primer,baixa,informal,mitjà,fred,"['enciam barrejat', 'formatge de cabra', 'nous', 'panses', 'vinagreta']",Catalunya,,tots,"['enciam barrejat', 'formatge de cabra', 'nous', 'panses', 'vinagreta']",['tardor']
Escudella de Nadal,primer,alta,formal,mitjà,calent,"['brou de carn', 'pasta de sopa', 'carn d’olla picada', 'verdures']",Catalunya,,tots,"['brou de carn', 'pasta de sopa', 'carn d’olla picada', 'verdures']","['estiu', 'primavera', 'tardor']"
Sopa de Galets,primer,mitjana,formal,mitjà,calent,"['pasta de sopa', 'brou de carn', 'pilota picada']",Catalunya,,tots,"['pasta de sopa', 'brou de carn', 'pilota picada']","['estiu', 'hivern', 'primavera', 'tardor']"
Crema de Bolets,primer,mitjana,informal,mitjà,calent,"['bolets', 'ceba', 'verdures', 'aigua', 'sal', 'nata (opcional)', 'oli d’oliva']",Catalunya,,tots,"['bolets', 'ceba', 'verdures', 'aigua', 'sal', 'nata (opcional)', 'oli d’oliva']",['tardor']
Amanida de Mongetes del Ganxet amb Bacallà,primer,mitjana,informal,mitjà,fred,"['mongeta del ganxet', 'bacallà esqueixat', 'pebrot', 'ceba', 'oli d’oliva', 'vinagre']",Catalunya,,tots,"['mongeta del ganxet', 'bacallà esqueixat', 'pebrot', 'ceba', 'oli d’oliva', 'vinagre']",['tardor']
Esqueixada amb Mongeta Tendra,primer,mitjana,informal,mitjà,fred,"['bacallà', 'mongeta tendra', 'tomàquet', 'olives', 'oli d’oliva']",Catalunya,,tots,"['bacallà', 'mongeta tendra', 'tomàquet', 'olives', 'oli d’oliva']",[]
Amanida d’arròs,primer,baixa,informal,mitjà,fred,"['arròs blanc', 'tonyina', 'blat de moro', 'olives', 'pebrot']",Catalunya,,tots,"['arròs blanc', 'tonyina', 'blat de moro', 'olives', 'pebrot']",[]
Entremesos Freds,primer,baixa,informal,mitjà,fred,"['pernil dolç', 'formatge', 'olives', 'espàrrecs blancs', 'enciam']",Catalunya,,tots,"['pernil dolç', 'formatge', 'olives', 'espàrrecs blancs', 'enciam']",[]
Sardines a la Planxa,primer,baixa,informal,mitjà,calent,"['sardines', 'sal', 'oli d’oliva', 'julivert', 'llimona']",Catalunya,,tots,"['sardines', 'sal', 'oli d’oliva', 'julivert', 'llimona']",[]
Calamars a la romana,primer,baixa,informal,mitjà,calent,"['calamar', 'farina', 'ou', 'oli d’oliva', 'sal']",Catalunya,,tots,"['calamar', 'farina', 'ou', 'oli d’oliva', 'sal']","['estiu', 'hivern', 'primavera', 'tardor']"
Musclos al Vapor,primer,baixa,informal,mitjà,calent,"['musclos', 'llimona', 'julivert']",Catalunya,,tots,"['musclos', 'llimona', 'julivert']",['primavera']
Amanida de Tomàquet i Ceba de Figueres,primer,baixa,informal,mitjà,fred,"['tomàquet madur', 'ceba de figueres', 'oli d’oliva', 'sal']",Catalunya,,tots,"['tomàquet madur', 'ceba de figueres', 'oli d’oliva', 'sal']","['estiu', 'tardor']"
Graellada de Carn,segon,baixa,informal,gran,calent,"['botifarra', 'xai', 'vedella', 'pollastre', 'patata al caliu']",Catalunya,,tots,"['botifarra', 'xai', 'vedella', 'pollastre', 'patata al caliu']","['estiu', 'hivern', 'primavera', 'tardor']"
Coca Salada amb Escalivada i Tonyina,primer,mitjana,informal,mitjà,tebi,"['farina', 'albergínia', 'pebrot', 'ceba', 'oli d’oliva', 'sal', 'tonyina']",Catalunya,,tots,"['farina', 'albergínia', 'pebrot', 'ceba', 'oli d’oliva', 'sal', 'tonyina']","['estiu', 'tardor']"
Llenguado a la Meunière,primer,alta,formal,mitjà,calent,"['llenguado en filets', 'mantega', 'llimona', 'julivert', 'farina', 'sal']",Catalunya,,tots,"['llenguado en filets', 'mantega', 'llimona', 'julivert', 'farina', 'sal']","['primavera', 'tardor']"
Sopa de Ceba Gratinada,primer,mitjana,informal,mitjà,calent,"['ceba', 'aigua', 'sal', 'pa', 'formatge', 'mantega', 'oli d’oliva']",Catalunya,,tots,"['ceba', 'aigua', 'sal', 'pa', 'formatge', 'mantega', 'oli d’oliva']","['estiu', 'hivern', 'primavera', 'tardor']"
Daurada a la Planxa amb Verduretes,segon,baixa,informal,gran,calent,"['daurada', 'oli d’oliva', 'sal', 'pebre', 'verdures']",Catalunya,,tots,"['daurada', 'oli d’oliva', 'sal', 'pebre', 'verdures']","['estiu', 'primavera', 'tardor']"
Remenat d’ous amb Espàrrecs i Pernil,primer,baixa,informal,mitjà,calent,"['ous', 'espàrrecs', 'pernil', 'oli d’oliva', 'sal']",Catalunya,,tots,"['ous', 'espàrrecs', 'pernil', 'oli d’oliva', 'sal']",['primavera']
Daurada a la Sal,segon,mitjana,formal,gran,calent,"['daurada', 'sal grossa', 'oli d’oliva', 'llimona']",,,tots,"['daurada', 'sal grossa', 'oli d’oliva', 'llimona']","['hivern', 'primavera', 'tardor']"
Tonyina a la Planxa amb Sèsam,segon,baixa,formal,gran,calent,"['tonyina', 'sèsam', 'oli d’oliva', 'sal', 'pebre', 'salsa de soja']",,,tots,"['tonyina', 'sèsam', 'oli d’oliva', 'sal', 'pebre', 'salsa de soja']","['estiu', 'hivern', 'primavera', 'tardor']"
Sopa d’all i Pa,primer,baixa,informal,mitjà,calent,"['pa', 'all', 'aigua', 'sal', 'ous', 'oli d’oliva']",Catalunya,,tots,"['pa', 'all', 'aigua', 'sal', 'ous', 'oli d’oliva']","['estiu', 'hivern', 'primavera', 'tardor']"
Cap i Pota,segon,mitjana,informal,gran,calent,"['vedella', 'ceba', 'tomàquet', 'pebrot', 'all', 'aigua', 'sal']",Catalunya,,tots,"['vedella', 'ceba', 'tomàquet', 'pebrot', 'all', 'aigua', 'sal']","['estiu', 'tardor']"
Canelons de Rostit,segon,alta,formal,gran,calent,"['pasta de caneló', 'carn de rostit', 'llet', 'farina', 'mantega', 'sal', 'nou moscada', 'formatge']",Catalunya,,tots,"['pasta de caneló', 'carn de rostit', 'llet', 'farina', 'mantega', 'sal', 'nou moscada', 'formatge']","['estiu', 'hivern', 'primavera', 'tardor']"
Fricandó amb Moixernons,segon,alta,formal,gran,calent,"['vedella', 'moixernons', 'ceba', 'tomàquet', 'aigua', 'sal', 'farina']",Catalunya,,tots,"['vedella', 'moixernons', 'ceba', 'tomàquet', 'aigua', 'sal', 'farina']",['tardor']
Suquet de Peix,segon,alta,formal,gran,calent,"['peix blanc', 'patata', 'alls', 'tomàquet', 'verdures', 'aigua', 'sal', 'oli d’oliva']",Catalunya,,tots,"['peix blanc', 'patata', 'alls', 'tomàquet', 'verdures', 'aigua', 'sal', 'oli d’oliva']","['estiu', 'tardor']"
Bacallà a la Llauna,segon,mitjana,formal,gran,calent,"['bacallà', 'all', 'julivert', 'pebre vermell', 'oli d’oliva']",Catalunya,,tots,"['bacallà', 'all', 'julivert', 'pebre vermell', 'oli d’oliva']","['estiu', 'primavera', 'tardor']"
Arròs a la Cassola,segon,mitjana,informal,gran,calent,"['arròs', 'costella', 'salsitxa', 'bolets', 'aigua', 'sal', 'tomàquet', 'ceba', 'oli d’oliva']",Catalunya,,tots,"['arròs', 'costella', 'salsitxa', 'bolets', 'aigua', 'sal', 'tomàquet', 'ceba', 'oli d’oliva']",['tardor']
Fideuà de Marisc,segon,mitjana,formal,gran,calent,"['pasta', 'sípia', 'gamba', 'cloïsses', 'peix', 'aigua', 'sal', 'verdures', 'all', 'oli d’oliva', 'ou']",Catalunya,,tots,"['pasta', 'sípia', 'gamba', 'cloïsses', 'peix', 'aigua', 'sal', 'verdures', 'all', 'oli d’oliva', 'ou']",['estiu']
Ànec amb Peres,segon,alta,formal,gran,calent,"['ànec', 'pera', 'ceba', 'vi negre', 'aigua', 'sal', 'oli d’oliva']",Catalunya,,tots,"['ànec', 'pera', 'ceba', 'vi negre', 'aigua', 'sal', 'oli d’oliva']","['hivern', 'primavera', 'tardor']"
Sarsuela de Peix i Marisc,segon,alta,formal,gran,calent,"['rap', 'lluç', 'gamba', 'musclo', 'calamar', 'tomàquet', 'all', 'peix', 'aigua', 'sal', 'verdures', 'ametlla']",Catalunya,,tots,"['rap', 'lluç', 'gamba', 'musclo', 'calamar', 'tomàquet', 'all', 'peix', 'aigua', 'sal', 'verdures', 'ametlla']",[]
Rap a l’all Cremat,segon,mitjana,formal,gran,calent,"['rap', 'all', 'pebre vermell', 'oli d’oliva', 'peix', 'aigua', 'sal', 'verdures', 'julivert']",Catalunya,,tots,"['rap', 'all', 'pebre vermell', 'oli d’oliva', 'peix', 'aigua', 'sal', 'verdures', 'julivert']","['estiu', 'primavera', 'tardor']"
Calamars Farcits a la Catalana,segon,alta,formal,gran,calent,"['calamars', 'carn picada', 'pa remullat', 'ou', 'ceba', 'tomàquet', 'aigua', 'sal']",Catalunya,,tots,"['calamars', 'carn picada', 'pa remullat', 'ou', 'ceba', 'tomàquet', 'aigua', 'sal']","['estiu', 'tardor']"
Mar i Muntanya,segon,alta,formal,gran,calent,"['mandonguilles de vedella', 'porc', 'sípia', 'ceba', 'tomàquet', 'aigua', 'sal', 'ametlla']",Catalunya,,tots,"['mandonguilles de vedella', 'porc', 'sípia', 'ceba', 'tomàquet', 'aigua', 'sal', 'ametlla']",['tardor']
Peus de Porc amb Cargols,segon,alta,informal,gran,calent,"['porc', 'cargols', 'ceba', 'tomàquet', 'vi', 'aigua', 'sal', 'herbes']",Catalunya,,tots,"['porc', 'cargols', 'ceba', 'tomàquet', 'vi', 'aigua', 'sal', 'herbes']",['estiu']
Botifarra amb Mongetes,segon,baixa,informal,gran,calent,"['botifarra', 'mongeta seca', 'all', 'oli d’oliva', 'julivert']",Catalunya,,tots,"['botifarra', 'mongeta seca', 'all', 'oli d’oliva', 'julivert']",['tardor']
Graellada de Peix,segon,mitjana,informal,gran,calent,"['lluç', 'rap', 'llobarro', 'gamba', 'oli d’oliva', 'all', 'julivert', 'llimona']",Catalunya,,tots,"['lluç', 'rap', 'llobarro', 'gamba', 'oli d’oliva', 'all', 'julivert', 'llimona']",[]
Arrossejat,segon,mitjana,informal,gran,calent,"['arròs', 'verdures', 'aigua', 'sal', 'all', 'oli d’oliva', 'ou', 'peix blanc', 'gamba']",Catalunya,,tots,"['arròs', 'verdures', 'aigua', 'sal', 'all', 'oli d’oliva', 'ou', 'peix blanc', 'gamba']",['estiu']
Pollastre amb Escamarlans,segon,alta,formal,gran,calent,"['pollastre', 'escamarlans', 'ceba', 'tomàquet', 'brandi', 'aigua', 'sal', 'ametlla']",Catalunya,,tots,"['pollastre', 'escamarlans', 'ceba', 'tomàquet', 'brandi', 'aigua', 'sal', 'ametlla']",[]
Mandonguilles amb Sípia,segon,alta,informal,gran,calent,"['carn picada', 'sípia', 'all', 'ceba', 'tomàquet', 'aigua', 'sal', 'ametlla']",Catalunya,,tots,"['carn picada', 'sípia', 'all', 'ceba', 'tomàquet', 'aigua', 'sal', 'ametlla']",['tardor']
Conill amb Cargols,segon,mitjana,informal,gran,calent,"['conill', 'cargols', 'all', 'julivert', 'oli d’oliva', 'vi blanc']",Catalunya,,tots,"['conill', 'cargols', 'all', 'julivert', 'oli d’oliva', 'vi blanc']","['estiu', 'primavera']"
Conill a la Cassola amb Allioli Negat,segon,alta,informal,gran,calent,"['conill', 'all', 'oli d’oliva', 'julivert', 'aigua', 'sal', 'ou', 'brou']",Catalunya,,tots,"['conill', 'all', 'oli d’oliva', 'julivert', 'aigua', 'sal', 'ou', 'brou']","['estiu', 'primavera', 'tardor']"
Xai al Forn amb Patates,segon,mitjana,formal,gran,calent,"['xai', 'patates', 'all', 'romaní', 'oli d’oliva', 'sal']",Catalunya,,tots,"['xai', 'patates', 'all', 'romaní', 'oli d’oliva', 'sal']","['estiu', 'primavera', 'tardor']"
Filet de Porc amb Salsa de Prunes,segon,mitjana,formal,gran,calent,"['porc', 'prunes', 'ceba', 'vi ranci', 'aigua', 'sal', 'mantega']",Catalunya,,tots,"['porc', 'prunes', 'ceba', 'vi ranci', 'aigua', 'sal', 'mantega']","['estiu', 'tardor']"
Carn d’olla,segon,alta,informal,gran,calent,"['carns variades de l’escudella', 'cigrons', 'verdures', 'patata']",Catalunya,,tots,"['carns variades de l’escudella', 'cigrons', 'verdures', 'patata']","['estiu', 'primavera', 'tardor']"
Llom de Bacallà amb Sanfaina,segon,mitjana,informal,gran,calent,"['bacallà', 'albergínia', 'carbassó', 'pebrot', 'tomàquet', 'oli d’oliva', 'sal']",Catalunya,,tots,"['bacallà', 'albergínia', 'carbassó', 'pebrot', 'tomàquet', 'oli d’oliva', 'sal']",['estiu']
Ternasco a la Catalana,segon,mitjana,informal,gran,calent,"['xai', 'all', 'romaní', 'oli d’oliva', 'sal', 'patates']",Catalunya,,tots,"['xai', 'all', 'romaní', 'oli d’oliva', 'sal', 'patates']","['estiu', 'primavera', 'tardor']"
Gall Rostit amb Escamarlans,segon,alta,formal,gran,calent,"['pollastre', 'escamarlans', 'ceba', 'tomàquet', 'brandi', 'aigua', 'sal']",Catalunya,,tots,"['pollastre', 'escamarlans', 'ceba', 'tomàquet', 'brandi', 'aigua', 'sal']",['estiu']
Civet de Porc Senglar,segon,alta,informal,gran,calent,"['porc senglar', 'vi negre', 'ceba', 'pastanaga', 'herbes', 'xocolata (punt)']",Catalunya,,tots,"['porc senglar', 'vi negre', 'ceba', 'pastanaga', 'herbes', 'xocolata (punt)']",['tardor']
Ossobuco a la Milanesa,segon,alta,formal,gran,calent,"['vedella', 'vi blanc', 'tomàquet', 'api', 'pastanaga', 'ceba', 'aigua', 'sal', 'julivert', 'all', 'llimona']",,,tots,"['vedella', 'vi blanc', 'tomàquet', 'api', 'pastanaga', 'ceba', 'aigua', 'sal', 'julivert', 'all', 'llimona']",['tardor']
Ratatouille amb Ou Poché,segon,mitjana,informal,gran,tebi,"['albergínia', 'carbassó', 'pebrot', 'tomàquet', 'oli d’oliva', 'ou']",,,tots,"['albergínia', 'carbassó', 'pebrot', 'tomàquet', 'oli d’oliva', 'ou']",['estiu']
Bacallà al Pil-pil,segon,mitjana,formal,gran,calent,"['bacallà', 'oli d’oliva', 'all', 'bitxo']",,,tots,"['bacallà', 'oli d’oliva', 'all', 'bitxo']","['estiu', 'tardor']"
Lluç a la Koskera,segon,mitjana,formal,gran,calent,"['lluç', 'julivert', 'all', 'oli d’oliva', 'vi blanc', 'aigua', 'sal', 'pèsols', 'espàrrecs']",,,tots,"['lluç', 'julivert', 'all', 'oli d’oliva', 'vi blanc', 'aigua', 'sal', 'pèsols', 'espàrrecs']",['primavera']
Calamars Farcits amb Salsa,segon,alta,formal,gran,calent,"['calamars', 'carn picada', 'peix', 'pa remullat', 'ou', 'ceba', 'tomàquet', 'aigua', 'sal']",,,tots,"['calamars', 'carn picada', 'peix', 'pa remullat', 'ou', 'ceba', 'tomàquet', 'aigua', 'sal']","['estiu', 'tardor']"
Paella de Marisc,segon,alta,formal,gran,calent,"['arròs', 'gamba', 'calamar', 'musclo', 'peix', 'verdures', 'aigua', 'sal', 'safrà', 'oli d’oliva']",,,tots,"['arròs', 'gamba', 'calamar', 'musclo', 'peix', 'verdures', 'aigua', 'sal', 'safrà', 'oli d’oliva']",[]
Arròs Negre amb Allioli,segon,mitjana,informal,gran,calent,"['arròs', 'tinta de sípia', 'sípia', 'calamar', 'peix', 'verdures', 'aigua', 'sal', 'all', 'oli d’oliva', 'ou']",,,tots,"['arròs', 'tinta de sípia', 'sípia', 'calamar', 'peix', 'verdures', 'aigua', 'sal', 'all', 'oli d’oliva', 'ou']","['estiu', 'primavera', 'tardor']"
Arròs al Forn,segon,mitjana,formal,gran,calent,"['arròs', 'costella', 'botifarra', 'cigrons', 'tomàquet', 'all', 'aigua', 'sal']",,,tots,"['arròs', 'costella', 'botifarra', 'cigrons', 'tomàquet', 'all', 'aigua', 'sal']","['estiu', 'tardor']"
Fideuà Clàssica,segon,mitjana,formal,gran,calent,"['pasta', 'sípia', 'gamba', 'calamar', 'peix', 'aigua', 'sal', 'verdures', 'all', 'oli d’oliva', 'ou']",,,tots,"['pasta', 'sípia', 'gamba', 'calamar', 'peix', 'aigua', 'sal', 'verdures', 'all', 'oli d’oliva', 'ou']",['estiu']
Rabo de Toro Estofat,segon,alta,informal,gran,calent,"['vedella', 'vi negre', 'ceba', 'pastanaga', 'api', 'tomàquet', 'aigua', 'sal']",,,tots,"['vedella', 'vi negre', 'ceba', 'pastanaga', 'api', 'tomàquet', 'aigua', 'sal']",['tardor']
Callos a la Madrilenya,segon,alta,informal,gran,calent,"['tripa de vedella', 'xoriço', 'pernil', 'pebre vermell', 'tomàquet', 'cigrons (opcional)']",,,tots,"['tripa de vedella', 'xoriço', 'pernil', 'pebre vermell', 'tomàquet', 'cigrons (opcional)']","['estiu', 'tardor']"
Parmigiana di Melanzane,segon,mitjana,informal,gran,calent,"['albergínia', 'tomàquet', 'mozzarella', 'parmesà', 'alfàbrega', 'oli d’oliva']",,,tots,"['albergínia', 'tomàquet', 'mozzarella', 'parmesà', 'alfàbrega', 'oli d’oliva']",['estiu']
Lasanya de Verdures,segon,mitjana,informal,gran,calent,"['pasta de lasanya', 'carbassó', 'albergínia', 'espinacs', 'tomàquet', 'llet', 'farina', 'mantega', 'sal', 'nou moscada', 'formatge']",,,tots,"['pasta de lasanya', 'carbassó', 'albergínia', 'espinacs', 'tomàquet', 'llet', 'farina', 'mantega', 'sal', 'nou moscada', 'formatge']",[]
Cigrons Estofats amb Espinacs,segon,baixa,informal,gran,calent,"['cigrons cuits', 'espinacs', 'all', 'pebre vermell', 'tomàquet', 'oli d’oliva']",,,tots,"['cigrons cuits', 'espinacs', 'all', 'pebre vermell', 'tomàquet', 'oli d’oliva']",['tardor']
Risotto de Bolets,segon,alta,informal,gran,calent,"['arròs arborio', 'bolets', 'aigua', 'sal', 'vi blanc', 'ceba', 'mantega', 'parmesà']",,,tots,"['arròs arborio', 'bolets', 'aigua', 'sal', 'vi blanc', 'ceba', 'mantega', 'parmesà']",['tardor']
Marmitako,segon,mitjana,informal,gran,calent,"['tonyina', 'patata', 'ceba', 'pebrot', 'tomàquet', 'peix', 'verdures', 'aigua', 'sal']",,,tots,"['tonyina', 'patata', 'ceba', 'pebrot', 'tomàquet', 'peix', 'verdures', 'aigua', 'sal']","['estiu', 'tardor']"
Caldereta de Marisc,segon,alta,formal,gran,calent,"['llagostí', 'escamarlà', 'sípia', 'peix de roca', 'tomàquet', 'all', 'brandi', 'peix', 'aigua', 'sal', 'verdures']",,,tots,"['llagostí', 'escamarlà', 'sípia', 'peix de roca', 'tomàquet', 'all', 'brandi', 'peix', 'aigua', 'sal', 'verdures']",['estiu']
Daurada al Forn amb Verdures,segon,baixa,formal,gran,calent,"['daurada', 'carbassó', 'pastanaga', 'ceba', 'oli d’oliva', 'llimona', 'vi blanc']",,,tots,"['daurada', 'carbassó', 'pastanaga', 'ceba', 'oli d’oliva', 'llimona', 'vi blanc']",['primavera']
Pollastre a la Cervesa,segon,mitjana,informal,gran,calent,"['pollastre tallat', 'cervesa', 'ceba', 'farina', 'oli d’oliva', 'sal']",,,tots,"['pollastre tallat', 'cervesa', 'ceba', 'farina', 'oli d’oliva', 'sal']","['estiu', 'hivern', 'primavera', 'tardor']"
Corder amb Bolets,segon,alta,formal,gran,calent,"['corder', 'bolets', 'vi negre', 'ceba', 'aigua', 'sal', 'farigola']",,,tots,"['corder', 'bolets', 'vi negre', 'ceba', 'aigua', 'sal', 'farigola']",['tardor']
Hamburguesa Gourmet,segon,mitjana,informal,gran,calent,"['vedella picada', 'pa artesà', 'formatge', 'ceba confitada', 'enciams', 'salsa']",,,tots,"['vedella picada', 'pa artesà', 'formatge', 'ceba confitada', 'enciams', 'salsa']","['estiu', 'primavera', 'tardor']"
Pernil de gall dindi rostit,segon,mitjana,formal,gran,calent,"['gall dindi', 'mantega', 'herbes', 'llimona', 'sal', 'pebre']",,,tots,"['gall dindi', 'mantega', 'herbes', 'llimona', 'sal', 'pebre']","['primavera', 'tardor']"
Sopa de Peix,primer,mitjana,formal,mitjà,calent,"['peix blanc', 'verdures', 'aigua', 'sal', 'tomàquet', 'ceba', 'all', 'oli d’oliva', 'pa']",Catalunya,,tots,"['peix blanc', 'verdures', 'aigua', 'sal', 'tomàquet', 'ceba', 'all', 'oli d’oliva', 'pa']","['estiu', 'tardor']"
Escalivada amb Anxoves,primer,baixa,informal,mitjà,tebi,"['albergínia', 'pebrot', 'ceba', 'anxoves', 'oli d’oliva']",Catalunya,,tots,"['albergínia', 'pebrot', 'ceba', 'anxoves', 'oli d’oliva']","['estiu', 'tardor']"
Tonyina amb Samfaina,segon,mitjana,formal,gran,calent,"['tonyina', 'albergínia', 'carbassó', 'pebrot', 'ceba', 'tomàquet', 'oli d’oliva', 'sal']",Catalunya,,tots,"['tonyina', 'albergínia', 'carbassó', 'pebrot', 'ceba', 'tomàquet', 'oli d’oliva', 'sal']",['estiu']
Panellets Variats,postre,mitjana,formal,petit,fred,"['ametlla mòlta', 'sucre', 'patata', 'moniato', 'pinyons', 'coco', 'xocolata']",Catalunya,,tots,"['ametlla mòlta', 'sucre', 'patata', 'moniato', 'pinyons', 'coco', 'xocolata']",['tardor']
Coca de Iogurt,postre,baixa,informal,mitjà,tebi,"['iogurt', 'farina', 'sucre', 'ous', 'oli d’oliva', 'llimona']",Catalunya,,tots,"['iogurt', 'farina', 'sucre', 'ous', 'oli d’oliva', 'llimona']","['hivern', 'primavera', 'tardor']"
Galetes de Mantega,postre,baixa,informal,petit,fred,"['farina', 'mantega', 'sucre', 'ous']",Catalunya,,tots,"['farina', 'mantega', 'sucre', 'ous']","['estiu', 'hivern', 'primavera', 'tardor']"
Teules d’ametlla,postre,baixa,formal,petit,fred,"['ametlla laminada', 'sucre', 'clara d’ou']",Catalunya,,tots,"['ametlla laminada', 'sucre', 'clara d’ou']","['hivern', 'tardor']"
Carquinyolis,postre,baixa,informal,petit,fred,"['ametlla', 'farina', 'sucre', 'ous', 'llimona']",Catalunya,,tots,"['ametlla', 'farina', 'sucre', 'ous', 'llimona']","['hivern', 'tardor']"
Braç de Gitano de Trufa,postre,mitjana,formal,petit,fred,"['bescuit', 'xocolata', 'nata', 'sucre']",Catalunya,,tots,"['bescuit', 'xocolata', 'nata', 'sucre']","['estiu', 'hivern', 'primavera', 'tardor']"
Braç de Gitano de Nata,postre,mitjana,formal,petit,fred,"['bescuit', 'nata', 'sucre']",Catalunya,,tots,"['bescuit', 'nata', 'sucre']","['estiu', 'hivern', 'primavera', 'tardor']"
Melindros amb Xocolata Desfeta,postre,baixa,formal,petit,calent,"['melindros', 'xocolata negra', 'llet', 'nata']",Catalunya,,tots,"['melindros', 'xocolata negra', 'llet', 'nata']","['estiu', 'hivern', 'primavera', 'tardor']"
Xuixos de Crema,postre,alta,informal,petit,tebi,"['massa tipus brioix', 'llet', 'rovells d’ou', 'sucre', 'midó (opcional)', 'vainilla', 'oli d’oliva']",Catalunya,,tots,"['massa tipus brioix', 'llet', 'rovells d’ou', 'sucre', 'midó (opcional)', 'vainilla', 'oli d’oliva']","['estiu', 'hivern', 'primavera', 'tardor']"
Bunyols de Vent,postre,mitjana,informal,petit,tebi,"['farina', 'mantega', 'aigua', 'ous', 'sal', 'sucre', 'nata', 'crema (opcional)']",Catalunya,,tots,"['farina', 'mantega', 'aigua', 'ous', 'sal', 'sucre', 'nata', 'crema (opcional)']","['estiu', 'hivern', 'primavera', 'tardor']"
Coca de Llardons,postre,mitjana,informal,mitjà,tebi,"['farina', 'mantega', 'aigua', 'sal', 'llardons', 'sucre', 'pinyons']",Catalunya,,tots,"['farina', 'mantega', 'aigua', 'sal', 'llardons', 'sucre', 'pinyons']",['tardor']
Coca de Forner amb Pinyons,postre,mitjana,informal,mitjà,calent,"['farina', 'aigua', 'oli d’oliva', 'sucre', 'pinyons', 'llevat']",Catalunya,,tots,"['farina', 'aigua', 'oli d’oliva', 'sucre', 'pinyons', 'llevat']",['tardor']
Menjar Blanc,postre,mitjana,formal,petit,fred,"['ametlla', 'sucre', 'midó', 'aigua de flor de taronger']",Catalunya,,tots,"['ametlla', 'sucre', 'midó', 'aigua de flor de taronger']",[]
Crème Brûlée,postre,mitjana,formal,petit,fred,"['nata', 'rovells', 'sucre', 'vainilla', 'sucre cremat']",França,,tots,"['nata', 'rovells', 'sucre', 'vainilla', 'sucre cremat']","['estiu', 'hivern', 'primavera', 'tardor']"
Massini,postre,alta,formal,petit,fred,"['bescuit', 'llet', 'rovells d’ou', 'sucre', 'midó (opcional)', 'vainilla', 'nata', 'xocolata']",Catalunya,,tots,"['bescuit', 'llet', 'rovells d’ou', 'sucre', 'midó (opcional)', 'vainilla', 'nata', 'xocolata']","['estiu', 'hivern', 'primavera', 'tardor']"
Coca de Llavaneres,postre,alta,informal,mitjà,calent,"['farina', 'mantega', 'aigua', 'sal', 'llet', 'rovells d’ou', 'sucre', 'midó (opcional)', 'vainilla', 'pinyons']",Catalunya,,tots,"['farina', 'mantega', 'aigua', 'sal', 'llet', 'rovells d’ou', 'sucre', 'midó (opcional)', 'vainilla', 'pinyons']",['tardor']
Mel i Mató,postre,baixa,formal,petit,fred,"['mató', 'mel']",Catalunya,,tots,"['mató', 'mel']","['estiu', 'primavera']"
Crema Catalana,postre,mitjana,formal,petit,fred,"['llet', 'ou', 'sucre', 'llimona', 'canyella']",Catalunya,,tots,"['llet', 'ou', 'sucre', 'llimona', 'canyella']","['hivern', 'primavera', 'tardor']"
Gelat de Vainilla amb Crumble i Salsa Toffee,postre,baixa,informal,petit,fred,"['gelat de vainilla', 'sucre', 'nata', 'mantega', 'galeta']",,,tots,"['gelat de vainilla', 'sucre', 'nata', 'mantega', 'galeta']",['estiu']
Panna Cotta de Xocolata Blanca,postre,baixa,formal,petit,fred,"['nata', 'xocolata blanca', 'gelatina', 'sucre']",Itàlia,,tots,"['nata', 'xocolata blanca', 'gelatina', 'sucre']","['estiu', 'hivern', 'primavera', 'tardor']"
Amanida Catalana,primer,baixa,informal,mitjà,fred,"['enciam', 'tomàquet', 'olives', 'pernil', 'llonganissa', 'oli d’oliva']",Catalunya,,tots,"['enciam', 'tomàquet', 'olives', 'pernil', 'llonganissa', 'oli d’oliva']",['tardor']
Pastís de Formatge Fred,postre,mitjana,formal,petit,fred,"['formatge crema', 'nata', 'sucre', 'galeta', 'mantega', 'gelatina (opcional)']",,,tots,"['formatge crema', 'nata', 'sucre', 'galeta', 'mantega', 'gelatina (opcional)']","['estiu', 'hivern', 'primavera', 'tardor']"
Crumble de Fruits Vermells,postre,baixa,informal,petit,tebi,"['fruits vermells', 'farina', 'sucre', 'mantega']",,,tots,"['fruits vermells', 'farina', 'sucre', 'mantega']","['estiu', 'primavera']"
Gelatina de Cava amb Fruites,postre,mitjana,formal,petit,fred,"['cava', 'gelatina', 'sucre', 'fruites']",,,tots,"['cava', 'gelatina', 'sucre', 'fruites']","['estiu', 'primavera', 'tardor']"
Semifreddo d’ametlla,postre,mitjana,formal,petit,fred,"['nata', 'clares muntades', 'ametlla', 'sucre']",Itàlia,,tots,"['nata', 'clares muntades', 'ametlla', 'sucre']","['hivern', 'tardor']"
Farigola amb Mel,postre,baixa,formal,petit,fred,"['mató', 'formatge', 'mel de romaní', 'farigola']",Catalunya,,tots,"['mató', 'formatge', 'mel de romaní', 'farigola']",['primavera']
Peres al Vi,postre,mitjana,formal,petit,tebi,"['peres', 'vi negre', 'sucre', 'canyella', 'pell de taronja']",Catalunya,,tots,"['peres', 'vi negre', 'sucre', 'canyella', 'pell de taronja']","['hivern', 'primavera', 'tardor']"
Poma al Forn amb Canyella,postre,baixa,formal,petit,tebi,"['poma', 'sucre', 'canyella', 'nous (opcional)']",Catalunya,,tots,"['poma', 'sucre', 'canyella', 'nous (opcional)']","['hivern', 'tardor']"
Músic amb Moscatell,postre,baixa,formal,petit,fred,"['fruits secs', 'panses', 'moscatell']",Catalunya,,tots,"['fruits secs', 'panses', 'moscatell']","['hivern', 'tardor']"
Bescuit amb Nous i Mel,postre,baixa,informal,mitjà,tebi,"['farina', 'ous', 'sucre', 'nous', 'mel']",Catalunya,,tots,"['farina', 'ous', 'sucre', 'nous', 'mel']",[]
Crespells Dolços,postre,mitjana,informal,petit,tebi,"['farina', 'ou', 'sucre', 'oli d’oliva', 'pell de llimona']",Catalunya,,tots,"['farina', 'ou', 'sucre', 'oli d’oliva', 'pell de llimona']","['hivern', 'primavera', 'tardor']"
Pastís de Castanya,postre,mitjana,formal,petit,tebi,"['castanya', 'farina', 'ous', 'sucre', 'mantega']",Catalunya,,tots,"['castanya', 'farina', 'ous', 'sucre', 'mantega']",['tardor']
Peres amb Xocolata,postre,baixa,formal,petit,tebi,"['peres', 'xocolata', 'sucre', 'mantega']",Catalunya,,tots,"['peres', 'xocolata', 'sucre', 'mantega']","['hivern', 'primavera', 'tardor']"
Flam de Mató,postre,mitjana,formal,petit,fred,"['mató', 'llet', 'ous', 'sucre', 'vainilla']",Catalunya,,tots,"['mató', 'llet', 'ous', 'sucre', 'vainilla']","['estiu', 'hivern', 'primavera', 'tardor']"
Coca d’ametlla Fina,postre,baixa,informal,mitjà,tebi,"['ametlla mòlta', 'ous', 'sucre', 'farina']",Catalunya,,tots,"['ametlla mòlta', 'ous', 'sucre', 'farina']","['hivern', 'tardor']"
Bunyols de Quaresma,postre,baixa,informal,petit,tebi,"['farina', 'sucre', 'ous', 'llevat', 'anís']",Catalunya,,tots,"['farina', 'sucre', 'ous', 'llevat', 'anís']","['estiu', 'hivern', 'primavera', 'tardor']"
Crema de Llimona amb Merenga,postre,mitjana,formal,petit,fred,"['llimona', 'ous', 'sucre', 'mantega', 'merenga']",Catalunya,,tots,"['llimona', 'ous', 'sucre', 'mantega', 'merenga']","['hivern', 'primavera', 'tardor']"
Panellets de Xocolata,postre,baixa,formal,petit,fred,"['ametlla mòlta', 'sucre', 'ou', 'cacau']",Catalunya,,tots,"['ametlla mòlta', 'sucre', 'ou', 'cacau']","['hivern', 'tardor']"
Panellets de Coco,postre,baixa,formal,petit,fred,"['ametlla mòlta', 'sucre', 'ou', 'coco ratllat']",Catalunya,,tots,"['ametlla mòlta', 'sucre', 'ou', 'coco ratllat']","['hivern', 'tardor']"
Pastisset de Cabell d’àngel,postre,mitjana,informal,petit,tebi,"['massa', 'cabell d’àngel', 'sucre']",Catalunya,,tots,"['massa', 'cabell d’àngel', 'sucre']","['estiu', 'hivern', 'primavera', 'tardor']"
Carquinyolis de Xocolata,postre,baixa,informal,petit,fred,"['ametlla', 'farina', 'cacau', 'sucre', 'ous']",Catalunya,,tots,"['ametlla', 'farina', 'cacau', 'sucre', 'ous']","['hivern', 'tardor']"
Bescuit d’ametlla,postre,mitjana,informal,petit,fred,"['ametlla', 'ous', 'sucre', 'farina']",Catalunya,,tots,"['ametlla', 'ous', 'sucre', 'farina']","['hivern', 'tardor']"
Mató amb Codonyat,postre,baixa,formal,petit,fred,"['mató', 'codonyat']",Catalunya,,tots,"['mató', 'codonyat']",['tardor']
Catànies,postre,mitjana,formal,petit,fred,"['ametlla torrada', 'praliné', 'xocolata blanca', 'cacau']",Catalunya,,tots,"['ametlla torrada', 'praliné', 'xocolata blanca', 'cacau']","['hivern', 'tardor']"
Bescuit emborratxat,postre,mitjana,informal,petit,tebi,"['bescuit', 'aigua', 'sucre', 'licor', 'rovell d’ou']",Catalunya,,tots,"['bescuit', 'aigua', 'sucre', 'licor', 'rovell d’ou']","['estiu', 'hivern', 'primavera', 'tardor']"
Pijama,postre,baixa,informal,mitjà,fred,"['flam', 'gelat de vainilla', 'préssec en almívar', 'pinya', 'nata', 'xocolata']",Catalunya,,tots,"['flam', 'gelat de vainilla', 'préssec en almívar', 'pinya', 'nata', 'xocolata']",['estiu']
Coca de Montserrat,postre,mitjana,informal,mitjà,tebi,"['farina', 'aigua', 'mantega', 'sucre', 'ous', 'anís', 'pinyons']",Catalunya,,tots,"['farina', 'aigua', 'mantega', 'sucre', 'ous', 'anís', 'pinyons']",['tardor']
Coca de Vidre,postre,mitjana,informal,petit,tebi,"['farina', 'aigua', 'oli d’oliva', 'sucre', 'anís']",Catalunya,,tots,"['farina', 'aigua', 'oli d’oliva', 'sucre', 'anís']","['estiu', 'hivern', 'primavera', 'tardor']"
Meló al Moscatell,postre,baixa,formal,petit,fred,"['meló madur', 'moscatell', 'menta']",Catalunya,,tots,"['meló madur', 'moscatell', 'menta']",['estiu']
Pastís Massini,postre,alta,formal,mitjà,fred,"['bescuit', 'crema', 'nata', 'xocolata']",Catalunya,,tots,"['bescuit', 'crema', 'nata', 'xocolata']","['estiu', 'hivern', 'primavera', 'tardor']"
Bescuit de Iogurt amb Xocolata,postre,baixa,informal,mitjà,tebi,"['iogurt', 'farina', 'sucre', 'ous', 'cacau', 'oli d’oliva']",Catalunya,,tots,"['iogurt', 'farina', 'sucre', 'ous', 'cacau', 'oli d’oliva']","['estiu', 'hivern', 'primavera', 'tardor']"
Coca de Sant Joan,postre,mitjana,informal,mitjà,tebi,"['brioche', 'llet', 'rovells d’ou', 'sucre', 'midó (opcional)', 'vainilla', 'fruita confitada', 'pinyons']",Catalunya,,tots,"['brioche', 'llet', 'rovells d’ou', 'sucre', 'midó (opcional)', 'vainilla', 'fruita confitada', 'pinyons']",['tardor']
Pastís Sacher,postre,alta,formal,petit,fred,"['xocolata', 'bescuit de cacau', 'melmelada d’albercoc']",Àustria (clàssic),,tots,"['xocolata', 'bescuit de cacau', 'melmelada d’albercoc']","['estiu', 'hivern', 'primavera', 'tardor']"
Lluç amb Cloïsses i Salsa Verda,segon,mitjana,formal,gran,calent,"['lluç', 'cloïsses', 'julivert', 'all', 'vi blanc', 'aigua', 'sal', 'farina']",Catalunya,,tots,"['lluç', 'cloïsses', 'julivert', 'all', 'vi blanc', 'aigua', 'sal', 'farina']","['estiu', 'primavera']"
Profiteroles amb Xocolata,postre,alta,formal,petit,fred,"['farina', 'mantega', 'aigua', 'ous', 'sal', 'nata', 'crema', 'xocolata calenta']",França,,tots,"['farina', 'mantega', 'aigua', 'ous', 'sal', 'nata', 'crema', 'xocolata calenta']",['hivern']
Tarta de Santiago,postre,baixa,formal,petit,tebi,"['ametlla mòlta', 'sucre', 'ous', 'llimona', 'canyella']",Galícia,,tots,"['ametlla mòlta', 'sucre', 'ous', 'llimona', 'canyella']","['hivern', 'tardor']"
Mousse de Llimona,postre,baixa,formal,petit,fred,"['nata', 'llimona', 'llet condensada', 'sucre', 'gelatina (opcional)']",,,tots,"['nata', 'llimona', 'llet condensada', 'sucre', 'gelatina (opcional)']","['hivern', 'primavera', 'tardor']"
Mousse de Xocolata,postre,mitjana,formal,petit,fred,"['xocolata negra', 'nata', 'ous', 'sucre', 'sal']",Espanya,,tots,"['xocolata negra', 'nata', 'ous', 'sucre', 'sal']","['estiu', 'hivern', 'primavera', 'tardor']"
Fruita de Temporada Tallada,postre,baixa,formal,petit,fred,['fruita variada de temporada'],Espanya,,tots,['fruita variada de temporada'],"['estiu', 'primavera', 'tardor']"
Leche Frita,postre,mitjana,formal,petit,tebi,"['llet', 'sucre', 'midó', 'canyella', 'ou', 'farina', 'oli d’oliva']",Espanya,,tots,"['llet', 'sucre', 'midó', 'canyella', 'ou', 'farina', 'oli d’oliva']","['estiu', 'hivern', 'primavera', 'tardor']"
Torrijas,postre,baixa,formal,petit,tebi,"['pa del dia abans', 'llet', 'ou', 'sucre', 'canyella', 'oli d’oliva']",Espanya,,tots,"['pa del dia abans', 'llet', 'ou', 'sucre', 'canyella', 'oli d’oliva']","['estiu', 'hivern', 'primavera', 'tardor']"
Espàrrecs Verds a la Brasa amb Romesco,primer,baixa,informal,mitjà,tebi,"['espàrrecs', 'nyora', 'ametlla', 'avellana', 'tomàquet escalivat', 'all', 'pa', 'oli d’oliva', 'vinagre', 'sal']",,,tots,"['espàrrecs', 'nyora', 'ametlla', 'avellana', 'tomàquet escalivat', 'all', 'pa', 'oli d’oliva', 'vinagre', 'sal']",[]
Arròs amb Llet,postre,baixa,formal,petit,tebi,"['arròs', 'llet', 'sucre', 'canyella', 'llimona']",Espanya,,tots,"['arròs', 'llet', 'sucre', 'canyella', 'llimona']","['hivern', 'primavera', 'tardor']"
Natilles,postre,baixa,formal,petit,fred,"['llet', 'ous', 'sucre', 'canyella', 'midó (opcional)']",Espanya,,tots,"['llet', 'ous', 'sucre', 'canyella', 'midó (opcional)']","['estiu', 'hivern', 'primavera', 'tardor']"
Flam d’ou Casolà,postre,baixa,formal,petit,fred,"['llet', 'ous', 'sucre', 'vainilla']",Espanya,,tots,"['llet', 'ous', 'sucre', 'vainilla']","['estiu', 'hivern', 'primavera', 'tardor']"
Ravioli de Carbassa i Mantega de Sàlvia,primer,alta,formal,mitjà,calent,"['pasta', 'carbassa', 'ricotta', 'parmesà', 'mantega', 'sàlvia', 'nou moscada', 'sal']",,,tots,"['pasta', 'carbassa', 'ricotta', 'parmesà', 'mantega', 'sàlvia', 'nou moscada', 'sal']",['tardor']
Crema de Porro i Poma Verda,primer,mitjana,informal,mitjà,tebi,"['porro', 'poma verda', 'patata', 'verdures', 'aigua', 'sal', 'nata (opcional)', 'oli d’oliva']",,,tots,"['porro', 'poma verda', 'patata', 'verdures', 'aigua', 'sal', 'nata (opcional)', 'oli d’oliva']","['primavera', 'tardor']"
Conill a la Brasa amb All i Julivert,segon,baixa,informal,gran,calent,"['conill', 'all', 'julivert', 'oli d’oliva', 'sal']",Catalunya,,tots,"['conill', 'all', 'julivert', 'oli d’oliva', 'sal']","['estiu', 'primavera', 'tardor']"
Lluç al Forn amb Patata,segon,baixa,formal,gran,calent,"['lluç', 'patata', 'ceba', 'all', 'vi blanc', 'oli d’oliva']",Catalunya,,tots,"['lluç', 'patata', 'ceba', 'all', 'vi blanc', 'oli d’oliva']","['estiu', 'hivern', 'primavera', 'tardor']"
Amanida de Llenties amb Vinagreta,primer,baixa,informal,mitjà,fred,"['llenties cuites', 'pebrot', 'ceba', 'tomàquet', 'vinagreta']",,,tots,"['llenties cuites', 'pebrot', 'ceba', 'tomàquet', 'vinagreta']",['tardor']
Tonyina a la Brasa amb Samfaina,segon,mitjana,formal,gran,calent,"['tonyina', 'albergínia', 'carbassó', 'pebrot', 'ceba', 'tomàquet', 'oli d’oliva', 'sal']",Catalunya,,tots,"['tonyina', 'albergínia', 'carbassó', 'pebrot', 'ceba', 'tomàquet', 'oli d’oliva', 'sal']",['estiu']
Filet de Porc amb Poma Caramel·litzada,segon,mitjana,formal,gran,calent,"['porc', 'poma', 'sucre', 'mantega', 'vi blanc']",Catalunya,,tots,"['porc', 'poma', 'sucre', 'mantega', 'vi blanc']","['hivern', 'primavera', 'tardor']"
Escalopa de Vedella amb Llimona,segon,baixa,informal,gran,calent,"['vedella', 'farina', 'ou', 'pa', 'oli d’oliva', 'llimona']",Catalunya,,tots,"['vedella', 'farina', 'ou', 'pa', 'oli d’oliva', 'llimona']","['hivern', 'primavera', 'tardor']"
Peus de Porc a la Brasa,segon,baixa,informal,gran,calent,"['porc', 'sal', 'oli d’oliva', 'allioli (opcional)']",Catalunya,,tots,"['porc', 'sal', 'oli d’oliva', 'allioli (opcional)']","['estiu', 'hivern', 'primavera', 'tardor']"
Ceps Saltejats amb All i Julivert,primer,baixa,informal,mitjà,calent,"['ceps', 'all', 'julivert', 'oli d’oliva', 'sal']",,,tots,"['ceps', 'all', 'julivert', 'oli d’oliva', 'sal']",['tardor']
Gall de Sant Pere a la Planxa,segon,baixa,formal,gran,calent,"['gall de sant pere', 'oli d’oliva', 'sal', 'llimona']",Catalunya,,tots,"['gall de sant pere', 'oli d’oliva', 'sal', 'llimona']","['hivern', 'primavera']"
Rap amb Cloïsses i Gambes,segon,alta,formal,gran,calent,"['rap', 'cloïsses', 'gamba', 'all', 'vi blanc', 'aigua', 'sal']",Catalunya,,tots,"['rap', 'cloïsses', 'gamba', 'all', 'vi blanc', 'aigua', 'sal']",['estiu']
Caldereta de Llagosta,segon,alta,formal,gran,calent,"['llagosta', 'peix', 'verdures', 'aigua', 'sal', 'alls', 'tomàquet', 'oli d’oliva']",Catalunya,,tots,"['llagosta', 'peix', 'verdures', 'aigua', 'sal', 'alls', 'tomàquet', 'oli d’oliva']",['estiu']
Mini Falàfel amb Tahina,primer,mitjana,informal,pica-pica,calent,"['cigrons', 'ceba', 'all', 'julivert', 'comí', 'coriandre', 'oli d’oliva', 'sal', 'tahina', 'llimona']",,,tots,"['cigrons', 'ceba', 'all', 'julivert', 'comí', 'coriandre', 'oli d’oliva', 'sal', 'tahina', 'llimona']",['primavera']
Conill amb Samfaina,segon,mitjana,informal,gran,calent,"['conill', 'albergínia', 'carbassó', 'pebrot', 'ceba', 'tomàquet', 'oli d’oliva', 'sal']",Catalunya,,tots,"['conill', 'albergínia', 'carbassó', 'pebrot', 'ceba', 'tomàquet', 'oli d’oliva', 'sal']",['estiu']
Bacallà amb Allioli Gratinat,segon,mitjana,formal,gran,calent,"['bacallà', 'all', 'oli d’oliva', 'ou', 'sal']",Catalunya,,tots,"['bacallà', 'all', 'oli d’oliva', 'ou', 'sal']","['estiu', 'hivern', 'primavera', 'tardor']"
Xató,primer,mitjana,informal,mitjà,fred,"['escarola', 'bacallà', 'tonyina', 'anxoves', 'nyora', 'ametlla', 'avellana', 'tomàquet escalivat', 'all', 'pa', 'oli d’oliva', 'vinagre', 'sal']",Catalunya,,tots,"['escarola', 'bacallà', 'tonyina', 'anxoves', 'nyora', 'ametlla', 'avellana', 'tomàquet escalivat', 'all', 'pa', 'oli d’oliva', 'vinagre', 'sal']",['tardor']
Pastís de Formatge al Forn,postre,mitjana,formal,mitjà,fred,"['formatge crema', 'ous', 'sucre', 'nata', 'galeta', 'mantega']",Espanya,,tots,"['formatge crema', 'ous', 'sucre', 'nata', 'galeta', 'mantega']","['estiu', 'hivern', 'primavera', 'tardor']"
Coulant de Xocolata,postre,alta,formal,petit,calent,"['xocolata', 'mantega', 'ous', 'sucre', 'farina']",Espanya,,tots,"['xocolata', 'mantega', 'ous', 'sucre', 'farina']","['estiu', 'hivern', 'primavera', 'tardor']"
Arnadí,postre,mitjana,formal,petit,tebi,"['carabassa', 'moniato', 'ametlla', 'sucre', 'ou', 'canyella']",País Valencià,,tots,"['carabassa', 'moniato', 'ametlla', 'sucre', 'ou', 'canyella']",['tardor']
Tiramisú,postre,mitjana,formal,petit,fred,"['mascarpone', 'cafè', 'melindros', 'cacau', 'ous', 'sucre']",Itàlia,,tots,"['mascarpone', 'cafè', 'melindros', 'cacau', 'ous', 'sucre']","['estiu', 'hivern', 'primavera', 'tardor']"
Hummus amb Crudités,primer,baixa,informal,mitjà,fred,"['cigrons cuits', 'tahina', 'llimona', 'all', 'oli d’oliva', 'pastanaga', 'api']",,,tots,"['cigrons cuits', 'tahina', 'llimona', 'all', 'oli d’oliva', 'pastanaga', 'api']","['hivern', 'primavera', 'tardor']"
Amanida Grega,primer,baixa,informal,mitjà,fred,"['tomàquet', 'cogombre', 'ceba', 'olives', 'formatge feta', 'oli d’oliva', 'orenga']",,,tots,"['tomàquet', 'cogombre', 'ceba', 'olives', 'formatge feta', 'oli d’oliva', 'orenga']",[]
Ensaladilla Russa Fina,primer,baixa,informal,mitjà,fred,"['patata', 'pastanaga', 'pèsols', 'tonyina', 'ou dur', 'ou', 'oli d’oliva', 'llimona', 'vinagre', 'sal']",,,tots,"['patata', 'pastanaga', 'pèsols', 'tonyina', 'ou dur', 'ou', 'oli d’oliva', 'llimona', 'vinagre', 'sal']",['primavera']
Baklava,postre,mitjana,formal,petit,fred,"['farina', 'aigua', 'oli d’oliva', 'nous', 'pistatxos', 'mantega', 'sucre', 'mel']",Grècia/Turquia,,tots,"['farina', 'aigua', 'oli d’oliva', 'nous', 'pistatxos', 'mantega', 'sucre', 'mel']",[]
Fartons amb Orxata,postre,baixa,formal,petit,fred,"['fartons', 'orxata de xufa']",País Valencià,,tots,"['fartons', 'orxata de xufa']",['estiu']
Tarte Tatin,postre,mitjana,formal,petit,tebi,"['poma', 'sucre', 'mantega', 'farina', 'aigua', 'sal']",França (Mediterrània),,tots,"['poma', 'sucre', 'mantega', 'farina', 'aigua', 'sal']","['hivern', 'primavera', 'tardor']"
Pastís de Llimona,postre,mitjana,formal,petit,fred,"['farina', 'mantega', 'aigua', 'sal', 'llimona', 'merenga', 'sucre', 'ous']",França (Mediterrània),,tots,"['farina', 'mantega', 'aigua', 'sal', 'llimona', 'merenga', 'sucre', 'ous']","['hivern', 'primavera', 'tardor']"
Gelat Artesà,postre,baixa,informal,petit,fred,['gelats variats'],,,tots,['gelats variats'],['estiu']
Panna Cotta amb Fruits Vermells,postre,baixa,formal,petit,fred,"['nata', 'gelatina', 'sucre', 'vainilla', 'fruits vermells']",Itàlia,,tots,"['nata', 'gelatina', 'sucre', 'vainilla', 'fruits vermells']","['estiu', 'primavera']"
Quiche Lorraine,primer,mitjana,informal,mitjà,tebi,"['farina', 'mantega', 'aigua', 'sal', 'ous', 'nata', 'bacó', 'ceba', 'formatge']",,,tots,"['farina', 'mantega', 'aigua', 'sal', 'ous', 'nata', 'bacó', 'ceba', 'formatge']","['estiu', 'hivern', 'primavera', 'tardor']"
Torró en Textures,postre,mitjana,formal,petit,fred,"['torró d’alacant', 'nata', 'xocolata', 'fruits secs']",Espanya,,tots,"['torró d’alacant', 'nata', 'xocolata', 'fruits secs']","['hivern', 'tardor']"
Timbal d’escalivada amb Formatge de Cabra,primer,mitjana,informal,mitjà,tebi,"['albergínia', 'pebrot', 'ceba', 'formatge de cabra', 'oli d’oliva']",,,tots,"['albergínia', 'pebrot', 'ceba', 'formatge de cabra', 'oli d’oliva']","['estiu', 'tardor']"
Piononos de Santa Fe,postre,mitjana,formal,petit,tebi,"['bescuit', 'aigua', 'sucre', 'crema', 'canyella']",Andalusia,,tots,"['bescuit', 'aigua', 'sucre', 'crema', 'canyella']","['estiu', 'hivern', 'primavera', 'tardor']"
Sobaos Pasiegos,postre,baixa,formal,petit,tebi,"['farina', 'mantega', 'ous', 'sucre', 'llevat']",Cantàbria,,tots,"['farina', 'mantega', 'ous', 'sucre', 'llevat']","['estiu', 'hivern', 'primavera', 'tardor']"
Musclos a la Marinera,primer,mitjana,informal,mitjà,calent,"['musclos', 'ceba', 'all', 'tomàquet', 'vi blanc', 'julivert', 'oli d’oliva', 'sal']",,,tots,"['musclos', 'ceba', 'all', 'tomàquet', 'vi blanc', 'julivert', 'oli d’oliva', 'sal']",['estiu']
Quesada Pasiega,postre,baixa,formal,petit,tebi,"['formatge', 'llet', 'ous', 'sucre', 'farina', 'llimona']",Cantàbria,,tots,"['formatge', 'llet', 'ous', 'sucre', 'farina', 'llimona']","['hivern', 'primavera', 'tardor']"
Pop a la Gallega,primer,mitjana,informal,mitjà,calent,"['pop cuit', 'patata', 'pebre vermell', 'oli d’oliva', 'sal gruixuda']",,,tots,"['pop cuit', 'patata', 'pebre vermell', 'oli d’oliva', 'sal gruixuda']","['estiu', 'hivern', 'primavera', 'tardor']"
Filloas amb Mel,postre,baixa,formal,petit,tebi,"['farina', 'llet', 'ous', 'mel', 'oli d’oliva']",Galícia,,tots,"['farina', 'llet', 'ous', 'mel', 'oli d’oliva']","['estiu', 'primavera']"
Copa de Fruites amb Iogurt i Mel,postre,baixa,informal,petit,fred,"['fruita variada', 'iogurt', 'mel', 'granola (opcional)']",,aperitiu,tots,"['fruita variada', 'iogurt', 'mel', 'granola (opcional)']","['estiu', 'primavera']"
Torró Cremós,postre,mitjana,informal,petit,fred,"['ametlla', 'mel', 'sucre', 'clares', 'nata']",Catalunya,aperitiu,tots,"['ametlla', 'mel', 'sucre', 'clares', 'nata']",[]
Mousse de Mató i Mel,postre,baixa,informal,petit,fred,"['mató', 'nata', 'mel', 'sucre']",Catalunya,aperitiu,tots,"['mató', 'nata', 'mel', 'sucre']","['estiu', 'primavera']"
Vaset de Llimona,postre,baixa,informal,petit,fred,"['nata', 'llimona', 'sucre', 'gelatina']",,aperitiu,tots,"['nata', 'llimona', 'sucre', 'gelatina']","['hivern', 'primavera', 'tardor']"
Pastís de Iogurt i Llimona,postre,baixa,informal,petit,fred,"['iogurt', 'nata', 'llimona', 'galeta', 'mantega']",,aperitiu,tots,"['iogurt', 'nata', 'llimona', 'galeta', 'mantega']","['hivern', 'primavera', 'tardor']"
Copa Tiramisú,postre,mitjana,informal,petit,fred,"['mascarpone', 'cafè', 'melindros', 'cacau', 'ous', 'sucre']",Itàlia,aperitiu,tots,"['mascarpone', 'cafè', 'melindros', 'cacau', 'ous', 'sucre']","['estiu', 'hivern', 'primavera', 'tardor']"
Vaset de Xocolata i Gerds,postre,baixa,informal,petit,fred,"['xocolata negra', 'nata', 'gerds', 'sucre']",,aperitiu,tots,"['xocolata negra', 'nata', 'gerds', 'sucre']","['estiu', 'primavera']"
Cullereta de Tartar de Tonyina i Soja,primer,alta,informal,pica-pica,fred,"['tonyina', 'salsa de soja', 'sèsam torrat', 'cibulet', 'oli d’oliva', 'llimona']",,aperitiu,tots,"['tonyina', 'salsa de soja', 'sèsam torrat', 'cibulet', 'oli d’oliva', 'llimona']","['primavera', 'tardor']"
Mini Tàrtar de Salmó amb Alvocat,primer,mitjana,informal,pica-pica,fred,"['salmó', 'alvocat', 'llimona', 'oli d’oliva', 'sal', 'pebre']",,aperitiu,tots,"['salmó', 'alvocat', 'llimona', 'oli d’oliva', 'sal', 'pebre']","['hivern', 'primavera', 'tardor']"
Clotxines al Vapor amb Llimona,primer,baixa,informal,pica-pica,calent,"['clotxines', 'all', 'julivert', 'llimona']",,aperitiu,tots,"['clotxines', 'all', 'julivert', 'llimona']",['primavera']
Ratatouille,primer,mitjana,informal,pica-pica,tebi,"['albergínia', 'carbassó', 'pebrot', 'tomàquet', 'oli d’oliva', 'herbes']",,aperitiu,tots,"['albergínia', 'carbassó', 'pebrot', 'tomàquet', 'oli d’oliva', 'herbes']",['estiu']
Salmorejo,primer,baixa,informal,pica-pica,fred,"['tomàquet', 'pa', 'all', 'oli d’oliva', 'vinagre', 'pernil', 'ou dur']",,aperitiu,tots,"['tomàquet', 'pa', 'all', 'oli d’oliva', 'vinagre', 'pernil', 'ou dur']","['estiu', 'tardor']"
Esqueixada de Bacallà,primer,baixa,informal,mitjà,fred,"['bacallà dessalat', 'tomàquet', 'ceba', 'olives', 'oli d’oliva']",,aperitiu,tots,"['bacallà dessalat', 'tomàquet', 'ceba', 'olives', 'oli d’oliva']",['tardor']
Vitello Tonnato,primer,mitjana,informal,mitjà,fred,"['vedella', 'ou', 'oli d’oliva', 'llimona', 'vinagre', 'sal', 'tonyina', 'tàperes']",,aperitiu,tots,"['vedella', 'ou', 'oli d’oliva', 'llimona', 'vinagre', 'sal', 'tonyina', 'tàperes']",['primavera']
Amanida Caprese,primer,baixa,informal,mitjà,fred,"['tomàquet', 'mozzarella', 'alfàbrega', 'oli d’oliva', 'vinagre balsàmic', 'sucre']",,aperitiu,tots,"['tomàquet', 'mozzarella', 'alfàbrega', 'oli d’oliva', 'vinagre balsàmic', 'sucre']",['estiu']
Carpaccio de Vedella amb Parmesà,primer,mitjana,informal,mitjà,fred,"['vedella làmines fines', 'parmesà', 'ruca', 'oli d’oliva', 'llimona', 'sal', 'pebre']",,aperitiu,tots,"['vedella làmines fines', 'parmesà', 'ruca', 'oli d’oliva', 'llimona', 'sal', 'pebre']",['primavera']
Ceviche de Corvina,primer,alta,informal,pica-pica,fred,"['corvina', 'llima', 'coriandre', 'ceba morada', 'bitxo', 'sal']",,aperitiu,tots,"['corvina', 'llima', 'coriandre', 'ceba morada', 'bitxo', 'sal']",['estiu']
Tàrtar de Tonyina amb Soja i Sèsam,primer,mitjana,informal,pica-pica,fred,"['tonyina', 'salsa de soja', 'oli de sèsam', 'llimona', 'cibulet', 'sèsam torrat']",,aperitiu,tots,"['tonyina', 'salsa de soja', 'oli de sèsam', 'llimona', 'cibulet', 'sèsam torrat']","['primavera', 'tardor']"
Vichyssoise,primer,mitjana,informal,pica-pica,fred,"['porro', 'patata', 'verdures', 'aigua', 'sal', 'nata', 'mantega', 'pebre']",,aperitiu,tots,"['porro', 'patata', 'verdures', 'aigua', 'sal', 'nata', 'mantega', 'pebre']","['primavera', 'tardor']"
Crema de Carbassa,primer,baixa,informal,pica-pica,tebi,"['carbassa', 'ceba', 'verdures', 'aigua', 'sal', 'nata (opcional)', 'oli d’oliva']",,aperitiu,tots,"['carbassa', 'ceba', 'verdures', 'aigua', 'sal', 'nata (opcional)', 'oli d’oliva']",['tardor']
Caneló Fred de Tonyina,primer,mitjana,informal,pica-pica,fred,"['làmina de pasta', 'tonyina', 'ou', 'oli d’oliva', 'llimona', 'vinagre', 'sal', 'tàperes', 'encurtits fins']",,aperitiu,tots,"['làmina de pasta', 'tonyina', 'ou', 'oli d’oliva', 'llimona', 'vinagre', 'sal', 'tàperes', 'encurtits fins']",['primavera']
Ou de Guatlla amb Paté,primer,mitjana,informal,pica-pica,tebi,"['ous de guatlla', 'paté', 'pa', 'cibulet']",,aperitiu,tots,"['ous de guatlla', 'paté', 'pa', 'cibulet']","['estiu', 'primavera', 'tardor']"
Sopa Freda de Tomàquet i Síndria,primer,baixa,informal,mitjà,fred,"['tomàquet', 'síndria', 'oli d’oliva', 'sal', 'vinagre']",Catalunya,aperitiu,tots,"['tomàquet', 'síndria', 'oli d’oliva', 'sal', 'vinagre']",['estiu']
Tàrtar de Gambes,primer,alta,informal,pica-pica,fred,"['gamba crua tallada', 'oli d’oliva', 'llimona', 'sal', 'cibulet']",,aperitiu,tots,"['gamba crua tallada', 'oli d’oliva', 'llimona', 'sal', 'cibulet']",[]
Verdures a la Planxa amb Romesco,primer,mitjana,informal,pica-pica,tebi,"['carbassó', 'albergínia', 'pebrot', 'nyora', 'ametlla', 'avellana', 'tomàquet escalivat', 'all', 'pa', 'oli d’oliva', 'vinagre', 'sal']",,aperitiu,tots,"['carbassó', 'albergínia', 'pebrot', 'nyora', 'ametlla', 'avellana', 'tomàquet escalivat', 'all', 'pa', 'oli d’oliva', 'vinagre', 'sal']",[]
Bastons de Pastanaga Rostida amb Iogurt,primer,baixa,informal,pica-pica,tebi,"['pastanaga', 'comí', 'oli d’oliva', 'sal', 'iogurt', 'llimona', 'menta']",,aperitiu,tots,"['pastanaga', 'comí', 'oli d’oliva', 'sal', 'iogurt', 'llimona', 'menta']","['primavera', 'tardor']"
Timbal d’escalivada amb Formatge,primer,mitjana,informal,pica-pica,tebi,"['albergínia', 'pebrot', 'ceba', 'formatge de cabra', 'oli d’oliva']",,aperitiu,tots,"['albergínia', 'pebrot', 'ceba', 'formatge de cabra', 'oli d’oliva']","['estiu', 'tardor']"
Cullereta de Brandada de Bacallà Freda,primer,mitjana,informal,pica-pica,fred,"['bacallà dessalat', 'patata', 'oli d’oliva', 'all', 'llet']",,aperitiu,tots,"['bacallà dessalat', 'patata', 'oli d’oliva', 'all', 'llet']","['estiu', 'hivern', 'primavera', 'tardor']"
Amanida Caprese en Bastonet,primer,baixa,informal,pica-pica,fred,"['mozzarella', 'tomàquet', 'alfàbrega', 'oli d’oliva', 'vinagre balsàmic', 'sucre']",,aperitiu,tots,"['mozzarella', 'tomàquet', 'alfàbrega', 'oli d’oliva', 'vinagre balsàmic', 'sucre']",['estiu']
Canapè de Salmó Fumat i Crema Agra,primer,baixa,informal,pica-pica,fred,"['pa de motlle torrat', 'salmó fumat', 'crema agra', 'anet', 'llimona']",,aperitiu,tots,"['pa de motlle torrat', 'salmó fumat', 'crema agra', 'anet', 'llimona']","['primavera', 'tardor']"
Endívia amb Crema de Roquefort i Nous,primer,baixa,informal,pica-pica,fred,"['fulles d’endívia', 'formatge blau', 'nata', 'nous', 'pebre']",,aperitiu,tots,"['fulles d’endívia', 'formatge blau', 'nata', 'nous', 'pebre']","['hivern', 'tardor']"
Cullereta de Remolatxa i Formatge Fresc,primer,baixa,informal,pica-pica,fred,"['remolatxa cuita', 'formatge', 'nous', 'oli d’oliva', 'sal']",,aperitiu,tots,"['remolatxa cuita', 'formatge', 'nous', 'oli d’oliva', 'sal']","['hivern', 'tardor']"
Ceviche Blanc,primer,alta,informal,pica-pica,fred,"['peix blanc', 'suc de llima', 'coriandre', 'ceba morada', 'bitxo', 'sal']",,aperitiu,tots,"['peix blanc', 'suc de llima', 'coriandre', 'ceba morada', 'bitxo', 'sal']",['estiu']
Carpaccio de Vedella en Mos,primer,mitjana,informal,pica-pica,fred,"['vedella làmines fines', 'parmesà', 'ruca', 'oli d’oliva', 'llimona', 'sal', 'pebre']",,aperitiu,tots,"['vedella làmines fines', 'parmesà', 'ruca', 'oli d’oliva', 'llimona', 'sal', 'pebre']",['primavera']
Cullereta de Brandada de Bacallà,primer,mitjana,informal,pica-pica,tebi,"['bacallà dessalat', 'patata', 'oli d’oliva', 'all', 'llet']",,aperitiu,tots,"['bacallà dessalat', 'patata', 'oli d’oliva', 'all', 'llet']","['estiu', 'hivern', 'primavera', 'tardor']"
Viera Gratinada,primer,alta,informal,pica-pica,calent,"['vieira', 'all', 'julivert', 'pa', 'oli d’oliva', 'sal']",,aperitiu,tots,"['vieira', 'all', 'julivert', 'pa', 'oli d’oliva', 'sal']",[]
Carpaccio de Bacallà,primer,mitjana,informal,mitjà,fred,"['lloms de bacallà dessalat', 'oli d’oliva', 'pebre', 'llimona']",Catalunya,aperitiu,tots,"['lloms de bacallà dessalat', 'oli d’oliva', 'pebre', 'llimona']","['hivern', 'primavera', 'tardor']"
Gazpacho Clàssic,primer,baixa,informal,pica-pica,fred,"['tomàquet', 'pebrot', 'cogombre', 'all', 'pa', 'oli d’oliva', 'vinagre', 'sal']",,aperitiu,tots,"['tomàquet', 'pebrot', 'cogombre', 'all', 'pa', 'oli d’oliva', 'vinagre', 'sal']",['estiu']
Tàrtar de Remolatxa i Formatge Fresc,primer,baixa,informal,pica-pica,fred,"['remolatxa cuita', 'formatge', 'nous', 'oli d’oliva', 'sal']",,aperitiu,tots,"['remolatxa cuita', 'formatge', 'nous', 'oli d’oliva', 'sal']","['hivern', 'tardor']"
Xistorra a la Sidra,primer,baixa,informal,pica-pica,calent,"['xistorra', 'sidra', 'oli d’oliva', 'pa']",,pica-pica,tots,"['xistorra', 'sidra', 'oli d’oliva', 'pa']","['hivern', 'tardor']"
Calamars a la Romana,primer,baixa,informal,pica-pica,calent,"['calamar', 'farina', 'ou', 'oli d’oliva', 'sal']",,pica-pica,tots,"['calamar', 'farina', 'ou', 'oli d’oliva', 'sal']","['estiu', 'hivern', 'primavera', 'tardor']"
Bunyols de Bacallà,primer,mitjana,informal,pica-pica,calent,"['bacallà dessalat', 'farina', 'ou', 'all', 'julivert', 'oli d’oliva', 'llevat']",,pica-pica,tots,"['bacallà dessalat', 'farina', 'ou', 'all', 'julivert', 'oli d’oliva', 'llevat']","['estiu', 'primavera', 'tardor']"
Croquetes de Bolets,primer,mitjana,informal,pica-pica,calent,"['bolets', 'llet', 'mantega', 'farina', 'all', 'julivert', 'sal', 'pa', 'ou', 'oli d’oliva']",,pica-pica,tots,"['bolets', 'llet', 'mantega', 'farina', 'all', 'julivert', 'sal', 'pa', 'ou', 'oli d’oliva']",['tardor']
Croquetes de Pollastre Rostit,primer,mitjana,informal,pica-pica,calent,"['llet', 'mantega', 'farina', 'pollastre rostit', 'nou moscada', 'sal', 'pa', 'ou', 'oli d’oliva']",,pica-pica,tots,"['llet', 'mantega', 'farina', 'pollastre rostit', 'nou moscada', 'sal', 'pa', 'ou', 'oli d’oliva']","['estiu', 'hivern', 'primavera', 'tardor']"
Croquetes de Pernil,primer,mitjana,informal,pica-pica,calent,"['llet', 'mantega', 'farina', 'pernil picat', 'nou moscada', 'sal', 'pa', 'ou', 'oli d’oliva']",,pica-pica,tots,"['llet', 'mantega', 'farina', 'pernil picat', 'nou moscada', 'sal', 'pa', 'ou', 'oli d’oliva']","['estiu', 'hivern', 'primavera', 'tardor']"
Bastons de Pollastre Cruixent,primer,mitjana,informal,pica-pica,calent,"['pollastre', 'farina', 'ou', 'pa', 'all en pols', 'oli d’oliva', 'sal']",,pica-pica,tots,"['pollastre', 'farina', 'ou', 'pa', 'all en pols', 'oli d’oliva', 'sal']","['estiu', 'hivern', 'primavera', 'tardor']"
Broqueta de Gamba i Sípia,primer,baixa,informal,pica-pica,calent,"['gamba', 'sípia', 'all', 'oli d’oliva', 'julivert', 'sal']",,pica-pica,tots,"['gamba', 'sípia', 'all', 'oli d’oliva', 'julivert', 'sal']",['estiu']
Gamba a l’all,primer,baixa,informal,pica-pica,calent,"['gamba', 'all', 'oli d’oliva', 'pebre de caiena', 'julivert', 'sal']",,pica-pica,tots,"['gamba', 'all', 'oli d’oliva', 'pebre de caiena', 'julivert', 'sal']",['estiu']
Samoses Vegetals,primer,mitjana,informal,pica-pica,tebi,"['pasta brick', 'filo', 'patata', 'pèsols', 'curry', 'ceba', 'oli d’oliva']",,pica-pica,tots,"['pasta brick', 'filo', 'patata', 'pèsols', 'curry', 'ceba', 'oli d’oliva']",['primavera']
Fingers de Lluç Arrebossats,primer,baixa,informal,pica-pica,calent,"['lluç', 'farina', 'ou', 'pa', 'oli d’oliva', 'sal']",,pica-pica,tots,"['lluç', 'farina', 'ou', 'pa', 'oli d’oliva', 'sal']","['estiu', 'hivern', 'primavera', 'tardor']"
Mini Mandonguilles amb Salsa de Tomàquet,primer,mitjana,informal,pica-pica,calent,"['carn picada', 'pa remullat', 'ou', 'all', 'julivert', 'tomàquet', 'ceba', 'oli d’oliva', 'sal']",,pica-pica,tots,"['carn picada', 'pa remullat', 'ou', 'all', 'julivert', 'tomàquet', 'ceba', 'oli d’oliva', 'sal']","['estiu', 'tardor']"
Mini Hot-dog Gourmet,primer,baixa,informal,pica-pica,calent,"['panet mini', 'salsitxa', 'mostassa antiga', 'ceba cruixent']",,pica-pica,tots,"['panet mini', 'salsitxa', 'mostassa antiga', 'ceba cruixent']","['estiu', 'hivern', 'primavera', 'tardor']"
Mini Burger de Vedella,primer,mitjana,informal,pica-pica,calent,"['panet mini', 'vedella picada', 'formatge', 'enciam', 'salsa']",,pica-pica,tots,"['panet mini', 'vedella picada', 'formatge', 'enciam', 'salsa']","['estiu', 'primavera', 'tardor']"
Alitas de Pollastre Especiades,primer,baixa,informal,pica-pica,calent,"['ales de pollastre', 'paprika', 'all en pols', 'pebre', 'sal', 'oli d’oliva']",,pica-pica,tots,"['ales de pollastre', 'paprika', 'all en pols', 'pebre', 'sal', 'oli d’oliva']","['estiu', 'hivern', 'primavera', 'tardor']"
Patates Braves,primer,baixa,informal,pica-pica,calent,"['patates', 'tomàquet triturat', 'all', 'bitxo', 'pebre vermell', 'oli d’oliva', 'sal']",,pica-pica,tots,"['patates', 'tomàquet triturat', 'all', 'bitxo', 'pebre vermell', 'oli d’oliva', 'sal']","['estiu', 'tardor']"
Coca d’escalivada amb Tonyina,primer,mitjana,informal,pica-pica,tebi,"['farina', 'albergínia', 'pebrot', 'ceba', 'oli d’oliva', 'sal', 'tonyina']",,pica-pica,tots,"['farina', 'albergínia', 'pebrot', 'ceba', 'oli d’oliva', 'sal', 'tonyina']","['estiu', 'tardor']"
Focaccia amb Herbes i Olives,primer,baixa,informal,pica-pica,tebi,"['farina', 'aigua', 'llevat', 'oli d’oliva', 'romaní', 'olives', 'sal']",,pica-pica,tots,"['farina', 'aigua', 'llevat', 'oli d’oliva', 'romaní', 'olives', 'sal']",['tardor']
Embotits del País,primer,baixa,informal,pica-pica,tebi,"['llonganissa', 'fuet', 'pernil', 'pa amb tomàquet']",Catalunya,pica-pica,tots,"['llonganissa', 'fuet', 'pernil', 'pa amb tomàquet']","['estiu', 'tardor']"
Formatges Catalans,primer,baixa,informal,pica-pica,tebi,"['formatges de pastor', 'pa', 'fruits secs']",Catalunya,pica-pica,tots,"['formatges de pastor', 'pa', 'fruits secs']","['hivern', 'tardor']"
Gilda Clàssica,primer,baixa,informal,pica-pica,fred,"['oliva verda', 'anxova', 'bitxo verd en vinagre']",,pica-pica,tots,"['oliva verda', 'anxova', 'bitxo verd en vinagre']","['hivern', 'tardor']"
Broqueta de Tomàquet Cherry i Mozzarella,primer,baixa,informal,pica-pica,fred,"['tomàquet cherry', 'mozzarella mini', 'alfàbrega', 'oli d’oliva', 'sal']",,pica-pica,tots,"['tomàquet cherry', 'mozzarella mini', 'alfàbrega', 'oli d’oliva', 'sal']",['estiu']
Allioli de Codony amb Morro i Tripa,primer,mitjana,informal,pica-pica,tebi,"['codony', 'all', 'oli d’oliva', 'morro de bacallà', 'tripa de bacallà']",Catalunya,pica-pica,tots,"['codony', 'all', 'oli d’oliva', 'morro de bacallà', 'tripa de bacallà']",['tardor']
Mini Tartaleta de Pollastre al Curri,primer,mitjana,informal,pica-pica,fred,"['tartaletes salades', 'pit de pollastre cuit', 'ou', 'oli d’oliva', 'llimona', 'vinagre', 'sal', 'curri', 'poma']",,pica-pica,tots,"['tartaletes salades', 'pit de pollastre cuit', 'ou', 'oli d’oliva', 'llimona', 'vinagre', 'sal', 'curri', 'poma']","['hivern', 'primavera', 'tardor']"
Torrada amb Escalivada i Formatge,primer,baixa,informal,pica-pica,tebi,"['pa', 'albergínia', 'pebrot', 'ceba', 'formatge de cabra', 'oli d’oliva']",Catalunya,pica-pica,tots,"['pa', 'albergínia', 'pebrot', 'ceba', 'formatge de cabra', 'oli d’oliva']","['estiu', 'tardor']"
Guacamole amb Nachos,primer,baixa,informal,pica-pica,fred,"['alvocat', 'llimona', 'tomàquet', 'ceba', 'coriandre', 'sal', 'nachos']",,pica-pica,tots,"['alvocat', 'llimona', 'tomàquet', 'ceba', 'coriandre', 'sal', 'nachos']",[]
Mini Wrap de Gall Dindi i Enciam,primer,baixa,informal,pica-pica,fred,"['truita de blat', 'gall dindi rostit', 'enciam', 'tomàquet', 'iogurt', 'llimona', 'sal', 'espècies suaus']",,pica-pica,tots,"['truita de blat', 'gall dindi rostit', 'enciam', 'tomàquet', 'iogurt', 'llimona', 'sal', 'espècies suaus']",['tardor']
Torrada d’escalivada i Anxova,primer,baixa,informal,pica-pica,tebi,"['pa', 'albergínia', 'pebrot', 'ceba', 'anxoves', 'oli d’oliva']",,pica-pica,tots,"['pa', 'albergínia', 'pebrot', 'ceba', 'anxoves', 'oli d’oliva']","['estiu', 'tardor']"
Mini Quiche Lorraine,primer,mitjana,informal,pica-pica,tebi,"['farina', 'mantega', 'aigua', 'sal', 'ous', 'nata', 'bacó', 'ceba', 'formatge']",,pica-pica,tots,"['farina', 'mantega', 'aigua', 'sal', 'ous', 'nata', 'bacó', 'ceba', 'formatge']","['estiu', 'hivern', 'primavera', 'tardor']"
Provolone al Forn amb Tomàquet,primer,baixa,informal,pica-pica,calent,"['provolone', 'tomàquet', 'orenga', 'oli d’oliva']",,pica-pica,tots,"['provolone', 'tomàquet', 'orenga', 'oli d’oliva']","['estiu', 'tardor']"
Remenat de Bolets,primer,baixa,informal,pica-pica,calent,"['ous', 'bolets', 'all', 'julivert', 'oli d’oliva', 'sal']",,pica-pica,tots,"['ous', 'bolets', 'all', 'julivert', 'oli d’oliva', 'sal']",['tardor']
Empanadilles de Verdures,primer,mitjana,informal,pica-pica,tebi,"['massa d’empanadilla', 'carbassó', 'pebrot', 'ceba', 'tomàquet', 'oli d’oliva']",,pica-pica,tots,"['massa d’empanadilla', 'carbassó', 'pebrot', 'ceba', 'tomàquet', 'oli d’oliva']",['estiu']
Mini Truita de Patata,primer,baixa,informal,pica-pica,tebi,"['patata', 'ou', 'ceba', 'oli d’oliva', 'sal']",,pica-pica,tots,"['patata', 'ou', 'ceba', 'oli d’oliva', 'sal']","['estiu', 'hivern', 'primavera', 'tardor']"
Patates al Caliu amb Allioli,primer,baixa,informal,pica-pica,calent,"['patates', 'all', 'oli d’oliva', 'sal', 'ou (opcional)', 'llimona']",,pica-pica,tots,"['patates', 'all', 'oli d’oliva', 'sal', 'ou (opcional)', 'llimona']","['hivern', 'primavera', 'tardor']"
Bolets Saltejats en Mos,primer,baixa,informal,pica-pica,calent,"['bolets mixtos', 'all', 'julivert', 'oli d’oliva', 'sal']",,pica-pica,tots,"['bolets mixtos', 'all', 'julivert', 'oli d’oliva', 'sal']",['tardor']
Xips de Carbassó Arrebossats,primer,baixa,informal,pica-pica,calent,"['carbassó', 'farina de cigró', 'aigua', 'sal', 'oli d’oliva']",,pica-pica,tots,"['carbassó', 'farina de cigró', 'aigua', 'sal', 'oli d’oliva']","['estiu', 'primavera']"
Mini Carrot Cake,postre,mitjana,informal,petit,tebi,"['pastanaga', 'farina', 'ous', 'sucre', 'oli d’oliva', 'nous', 'espècies', 'crema formatge']",,pica-pica,tots,"['pastanaga', 'farina', 'ous', 'sucre', 'oli d’oliva', 'nous', 'espècies', 'crema formatge']","['hivern', 'tardor']"
Trufes de Xocolata,postre,baixa,informal,petit,fred,"['xocolata', 'nata', 'cacau en pols']",,pica-pica,tots,"['xocolata', 'nata', 'cacau en pols']","['estiu', 'hivern', 'primavera', 'tardor']"
Mini Entrepà Vegetal,primer,baixa,informal,pica-pica,fred,"['panet mini', 'alvocat', 'enciam', 'tomàquet', 'pastanaga ratllada', 'ou', 'oli d’oliva', 'llimona', 'vinagre', 'sal']",,pica-pica,tots,"['panet mini', 'alvocat', 'enciam', 'tomàquet', 'pastanaga ratllada', 'ou', 'oli d’oliva', 'llimona', 'vinagre', 'sal']",['tardor']
Montadito de Pernil i Pebrots,primer,baixa,informal,pica-pica,tebi,"['pa', 'pernil', 'pebrot rostit', 'oli d’oliva']",,pica-pica,tots,"['pa', 'pernil', 'pebrot rostit', 'oli d’oliva']","['estiu', 'tardor']"
Couscous de Verdures,primer,mitjana,informal,pica-pica,tebi,"['sèmola', 'carbassó', 'pastanaga', 'ceba', 'cigrons', 'espècies', 'oli d’oliva', 'sal']",,pica-pica,tots,"['sèmola', 'carbassó', 'pastanaga', 'ceba', 'cigrons', 'espècies', 'oli d’oliva', 'sal']",['primavera']
Cullereta de Arròs Negre amb All i Oli,primer,mitjana,informal,pica-pica,tebi,"['arròs', 'tinta de sípia', 'calamar', 'all', 'oli d’oliva', 'ou (per a l'allioli)', 'sal']",,pica-pica,tots,"[""['arròs'"", ""'tinta de sípia'"", ""'calamar'"", ""'all'"", ""'oli d’oliva'"", ""'ou (per a l'allioli)'"", ""'sal']""]","['estiu', 'hivern', 'primavera', 'tardor']"
Taula de Formatges Artesans,primer,baixa,informal,pica-pica,tebi,"['formatge', 'fruits secs', 'melmelades', 'pa']",,pica-pica,tots,"['formatge', 'fruits secs', 'melmelades', 'pa']","['hivern', 'tardor']"
Assortit d’olives i Encurtits,primer,baixa,informal,pica-pica,tebi,"['olives verdes', 'olives negres', 'pebrot envinagrat', 'cebes petites', 'cogombrets']",,pica-pica,tots,"['olives verdes', 'olives negres', 'pebrot envinagrat', 'cebes petites', 'cogombrets']","['hivern', 'tardor']"
Taula d’embotits,primer,baixa,informal,pica-pica,tebi,"['pernil tall', 'llonganissa', 'xoriço', 'pa', 'tomàquet']",,pica-pica,tots,"['pernil tall', 'llonganissa', 'xoriço', 'pa', 'tomàquet']","['estiu', 'tardor']"
Fideus a la Cassola,primer,mitjana,informal,pica-pica,calent,"['pasta', 'tomàquet', 'ceba', 'oli d’oliva', 'sal', 'aigua', 'costella', 'salsitxa']",,pica-pica,tots,"['pasta', 'tomàquet', 'ceba', 'oli d’oliva', 'sal', 'aigua', 'costella', 'salsitxa']","['estiu', 'tardor']"
Broqueta de Pollastre Yakitori,primer,mitjana,informal,pica-pica,calent,"['pollastre', 'salsa de soja', 'sucre', 'mirin', 'gingebre']",,pica-pica,tots,"['pollastre', 'salsa de soja', 'sucre', 'mirin', 'gingebre']","['estiu', 'hivern', 'primavera', 'tardor']"
Fingers de Pollastre Cruixents,primer,mitjana,informal,pica-pica,calent,"['pollastre', 'farina', 'ou', 'pa', 'espècies', 'oli d’oliva', 'sal']",,pica-pica,tots,"['pollastre', 'farina', 'ou', 'pa', 'espècies', 'oli d’oliva', 'sal']","['estiu', 'hivern', 'primavera', 'tardor']"
Seitó Fregit Cruixent,primer,baixa,informal,pica-pica,calent,"['seitó', 'farina', 'oli d’oliva', 'sal']",,pica-pica,tots,"['seitó', 'farina', 'oli d’oliva', 'sal']","['estiu', 'primavera']"
Mini Brownie amb Nous,postre,baixa,informal,petit,tebi,"['xocolata', 'mantega', 'sucre', 'ous', 'farina', 'nous']",,pica-pica,tots,"['xocolata', 'mantega', 'sucre', 'ous', 'farina', 'nous']","['hivern', 'tardor']"
Mini Lemon Pie,postre,mitjana,informal,petit,fred,"['farina', 'mantega', 'aigua', 'sal', 'llimona', 'merenga', 'sucre']",,pica-pica,tots,"['farina', 'mantega', 'aigua', 'sal', 'llimona', 'merenga', 'sucre']","['hivern', 'primavera', 'tardor']"
Mini Taco Vegetal,primer,baixa,informal,pica-pica,tebi,"['truita de blat', 'alvocat', 'tomàquet', 'ceba', 'llima', 'coriandre']",,pica-pica,tots,"['truita de blat', 'alvocat', 'tomàquet', 'ceba', 'llima', 'coriandre']",[]
Mini Entrepà de Rostit amb Mostassa,primer,baixa,informal,pica-pica,tebi,"['panet mini', 'carn de rostit', 'mostassa antiga', 'enciam']",,pica-pica,tots,"['panet mini', 'carn de rostit', 'mostassa antiga', 'enciam']","['estiu', 'primavera', 'tardor']"
Mini Mandonguilles amb Tomàquet,primer,mitjana,informal,pica-pica,calent,"['carn picada', 'pa remullat', 'ou', 'all', 'julivert', 'tomàquet', 'ceba', 'oli d’oliva', 'sal']",,pica-pica,tots,"['carn picada', 'pa remullat', 'ou', 'all', 'julivert', 'tomàquet', 'ceba', 'oli d’oliva', 'sal']","['estiu', 'tardor']"
Formatge al Forn amb Herbes,primer,baixa,informal,pica-pica,calent,"['provolone', 'orenga', 'tomàquet', 'oli d’oliva']",,pica-pica,tots,"['provolone', 'orenga', 'tomàquet', 'oli d’oliva']","['estiu', 'tardor']"
Tires de Bacallà Arrebossat,primer,baixa,informal,pica-pica,calent,"['bacallà dessalat', 'farina', 'ou', 'oli d’oliva', 'sal']",,pica-pica,tots,"['bacallà dessalat', 'farina', 'ou', 'oli d’oliva', 'sal']","['estiu', 'hivern', 'primavera', 'tardor']"
Mini Truita de Patata amb Ceba,primer,baixa,informal,pica-pica,tebi,"['patata', 'ou', 'ceba', 'oli d’oliva', 'sal']",,pica-pica,tots,"['patata', 'ou', 'ceba', 'oli d’oliva', 'sal']","['estiu', 'hivern', 'primavera', 'tardor']"
Mini Broqueta de Pop i Patata,primer,mitjana,informal,pica-pica,tebi,"['pop cuit', 'patata', 'oli d’oliva', 'pebre vermell', 'sal']",,pica-pica,tots,"['pop cuit', 'patata', 'oli d’oliva', 'pebre vermell', 'sal']","['estiu', 'hivern', 'primavera', 'tardor']"
Mini Taco de Peix,primer,mitjana,informal,pica-pica,calent,"['truita de blat', 'peix', 'farina', 'ou', 'oli d’oliva', 'sal', 'col', 'salsa', 'llima']",,pica-pica,tots,"['truita de blat', 'peix', 'farina', 'ou', 'oli d’oliva', 'sal', 'col', 'salsa', 'llima']",[]
Pernil Ibèric Tall Fi,primer,baixa,informal,pica-pica,tebi,"['pernil ibèric', 'pa', 'tomàquet', 'oli d’oliva']",,pica-pica,tots,"['pernil ibèric', 'pa', 'tomàquet', 'oli d’oliva']","['estiu', 'tardor']"
Daus de Truita i Botifarra,primer,baixa,informal,pica-pica,tebi,"['ous', 'patata', 'botifarra', 'oli d’oliva', 'sal']",,pica-pica,tots,"['ous', 'patata', 'botifarra', 'oli d’oliva', 'sal']","['estiu', 'hivern', 'primavera', 'tardor']"
Mandonguilla Thai,primer,mitjana,informal,pica-pica,calent,"['carn picada', 'gingebre', 'cilantre', 'all', 'llet de coco', 'espècies suaus', 'oli d’oliva', 'sal']",,pica-pica,tots,"['carn picada', 'gingebre', 'cilantre', 'all', 'llet de coco', 'espècies suaus', 'oli d’oliva', 'sal']","['estiu', 'primavera']"
Mini Fondue de Formatge,primer,mitjana,informal,pica-pica,calent,"['formatge', 'vi blanc', 'midó', 'all', 'pa']",,pica-pica,tots,"['formatge', 'vi blanc', 'midó', 'all', 'pa']","['estiu', 'hivern', 'primavera', 'tardor']"
Empanadilles de Tonyina,primer,baixa,informal,pica-pica,tebi,"['farina', 'tonyina', 'tomàquet', 'ceba', 'oli d’oliva', 'sal']",,pica-pica,tots,"['farina', 'tonyina', 'tomàquet', 'ceba', 'oli d’oliva', 'sal']","['estiu', 'tardor']"
Provolone al Forn amb Herbes,primer,baixa,informal,pica-pica,calent,"['provolone', 'orenga', 'tomàquet', 'oli d’oliva']",,pica-pica,tots,"['provolone', 'orenga', 'tomàquet', 'oli d’oliva']","['estiu', 'tardor']"
Bastonet de Brie Arrebossat,primer,baixa,informal,pica-pica,calent,"['formatge brie', 'farina', 'ou', 'pa', 'oli d’oliva']",,pica-pica,tots,"['formatge brie', 'farina', 'ou', 'pa', 'oli d’oliva']","['estiu', 'hivern', 'primavera', 'tardor']"
nom_plat,tipus,complexitat,formalitat,mida_racio,temperatura,ingredients,procedencia,especificacio,apte_esdeveniment,['ingredients'],"['estiu', 'hivern', 'primavera', 'tardor']"
Amanida de Faves amb Menta,primer,baixa,informal,mitja,tebi,"['faves tendres','menta','oli d’oliva','sal','llimona']",Catalunya,,tots,"['faves tendres', 'menta', 'oli d’oliva', 'sal', 'llimona']","['primavera', 'tardor']"
Escalivada amb Tonyina,primer,baixa,informal,mitja,fred,"['albergínia','pebrot','ceba','tonyina','oli d’oliva','sal']",Catalunya,,tots,"['albergínia', 'pebrot', 'ceba', 'tonyina', 'oli d’oliva', 'sal']","['estiu', 'tardor']"
Gaspatxo de Síndria,primer,baixa,informal,petita,fred,"['síndria','tomàquet','pepino','oli d’oliva','vinagre','sal']",Andalusia,,tots,"['síndria', 'tomàquet', 'pepino', 'oli d’oliva', 'vinagre', 'sal']",['estiu']
Sopa Freda de Cogombre i Iogurt,primer,baixa,formal,petita,fred,"['cogombre','iogurt','anet','all','oli d’oliva','sal']",Grècia,,tots,"['cogombre', 'iogurt', 'anet', 'all', 'oli d’oliva', 'sal']",['estiu']
Vichyssoise Clàssica,primer,baixa,formal,petita,fred,"['porro','patata','nata','brou de pollastre','mantega','sal']",França,,tots,"['porro', 'patata', 'nata', 'brou de pollastre', 'mantega', 'sal']","['hivern', 'primavera', 'tardor']"
Carpaccio de Carbassó amb Parmesà,primer,baixa,formal,petita,fred,"['carbassó','parmesà','oli d’oliva','llimona','pebre']",Itàlia,,tots,"['carbassó', 'parmesà', 'oli d’oliva', 'llimona', 'pebre']",['primavera']
Amanida de Llenties amb Verdures Rostides,primer,baixa,informal,mitja,tebi,"['llenties','pastanaga','carbassó','pebrot','oli d’oliva','sal']",Mediterrània,,tots,"['llenties', 'pastanaga', 'carbassó', 'pebrot', 'oli d’oliva', 'sal']",[]
Crema de Pèsols amb Menta,primer,baixa,formal,petita,tebi,"['pèsols','menta','brou vegetal','oli d’oliva','sal']",Regne Unit,,tots,"['pèsols', 'menta', 'brou vegetal', 'oli d’oliva', 'sal']",['primavera']
Truita de Patata a la Catalana,segon,baixa,informal,mitja,tebi,"['patata','ou','ceba','oli d’oliva','sal']",Espanya,,tots,"['patata', 'ou', 'ceba', 'oli d’oliva', 'sal']","['estiu', 'hivern', 'primavera', 'tardor']"
Pollastre Escabetxat,segon,baixa,formal,mitja,fred,"['cuixa de pollastre','vinagre','all','laurer','oli d’oliva','sal']",Espanya,,tots,"['cuixa de pollastre', 'vinagre', 'all', 'laurer', 'oli d’oliva', 'sal']","['estiu', 'hivern', 'primavera', 'tardor']"
Roast Beef Fines Làmines,segon,baixa,formal,mitja,fred,"['vedella','pebre','sal','oli d’oliva']",Regne Unit,,tots,"['vedella', 'pebre', 'sal', 'oli d’oliva']","['estiu', 'hivern', 'primavera', 'tardor']"
Salmó Marinat amb Anet,segon,baixa,formal,mitja,fred,"['salmó','sal','sucre','anet','llimona']",Escandinàvia,,tots,"['salmó', 'sal', 'sucre', 'anet', 'llimona']","['primavera', 'tardor']"
Pernil Dolç amb Pinya Rostida,segon,baixa,informal,mitja,tebi,"['pernil dolç','pinya','mantega','pebre']",Hawaii,,tots,"['pernil dolç', 'pinya', 'mantega', 'pebre']",['estiu']
Amanida de Cigrons amb Pebrots,segon,baixa,informal,gran,tebi,"['cigrons','pebrot','ceba morada','oli d’oliva','comí','sal']",Mediterrània,,tots,"['cigrons', 'pebrot', 'ceba morada', 'oli d’oliva', 'comí', 'sal']","['estiu', 'tardor']"
Bacallà Esqueixat amb Romesco,segon,baixa,formal,mitja,fred,"['bacallà dessalat','tomàquet','nyora','ametlla','avellana','all','oli d’oliva']",Catalunya,,tots,"['bacallà dessalat', 'tomàquet', 'nyora', 'ametlla', 'avellana', 'all', 'oli d’oliva']",['tardor']
Albergínia Farcida de Bulgur i Herbes,segon,baixa,formal,mitja,tebi,"['albergínia','bulgur','julivert','menta','tomàquet','oli d’oliva','sal']",Orient Mitjà,,tots,"['albergínia', 'bulgur', 'julivert', 'menta', 'tomàquet', 'oli d’oliva', 'sal']","['estiu', 'tardor']"
Mousse de Iogurt amb Mel i Nous,postre,baixa,formal,petita,fred,"['iogurt','mel','nous','vainilla']",Grècia,,tots,"['iogurt', 'mel', 'nous', 'vainilla']",[]
Panna Cotta de Vainilla,postre,baixa,formal,petita,fred,"['nata','sucre','vainilla','gelatina']",Itàlia,,tots,"['nata', 'sucre', 'vainilla', 'gelatina']","['estiu', 'hivern', 'primavera', 'tardor']"
Tiramisú de Fruits del Bosc,postre,baixa,informal,mitja,fred,"['mascarpone','melindros','cafè','fruits del bosc','sucre','cacau']",Itàlia,,tots,"['mascarpone', 'melindros', 'cafè', 'fruits del bosc', 'sucre', 'cacau']","['estiu', 'hivern', 'primavera', 'tardor']"
Crema Catalana amb Cítrics,postre,baixa,formal,petita,fred,"['llet','rovell d’ou','sucre','midó','llimona','canyella']",Catalunya,,tots,"['llet', 'rovell d’ou', 'sucre', 'midó', 'llimona', 'canyella']","['hivern', 'primavera', 'tardor']"
Pastís de Formatge Fresc i Llimona,postre,baixa,informal,mitja,fred,"['formatge cremós','nata','galeta','mantega','llimona','sucre']",Nova York,,tots,"['formatge cremós', 'nata', 'galeta', 'mantega', 'llimona', 'sucre']","['hivern', 'primavera', 'tardor']"
Gelat de Vainilla amb Oli d’Oliva i Sal,postre,baixa,formal,petita,fred,"['llet','nata','vainilla','sucre','oli d’oliva','sal marina']",Mediterrània,,tots,"['llet', 'nata', 'vainilla', 'sucre', 'oli d’oliva', 'sal marina']","['estiu', 'hivern', 'primavera', 'tardor']"
Copa de Fruita Amb Infusió de Menta,postre,baixa,informal,petita,fred,"['maduixa','pinya','raïm','menta','llimona']",Mediterrània,,tots,"['maduixa', 'pinya', 'raïm', 'menta', 'llimona']",[]
Bavarois de Mango,postre,baixa,formal,petita,fred,"['mango','nata','sucre','gelatina','vainilla']",França,,tots,"['mango', 'nata', 'sucre', 'gelatina', 'vainilla']","['estiu', 'hivern', 'primavera', 'tardor']"
Pastís casament Red Velvet amb Crema de Formatge,postres,mitjana,formal,gran,fred,"['farina de blat', 'cacau', 'sucre', 'mantega', 'ous', 'llet', 'colorant vermell', 'vinagre', 'bicarbonat', 'formatge cremós']",,,casament,"['farina de blat', 'cacau', 'sucre', 'mantega', 'ous', 'llet', 'colorant vermell', 'vinagre', 'bicarbonat', 'formatge cremós']","['estiu', 'hivern', 'primavera', 'tardor']"
Pastís casament de Xocolata Belga amb Ganache,postres,mitjana,formal,gran,fred,"['farina', 'cacau pur', 'xocolata negra', 'ous', 'sucre', 'nata líquida', 'mantega']",,,casament,"['farina', 'cacau pur', 'xocolata negra', 'ous', 'sucre', 'nata líquida', 'mantega']","['estiu', 'hivern', 'primavera', 'tardor']"
Pastís casament de Llimona i Merenga Suïssa,postres,mitjana,informal,gran,fred,"['farina', 'sucre', 'mantega', 'ous', 'llimona', 'merenga', 'midó de blat de moro']",,,casament,"['farina', 'sucre', 'mantega', 'ous', 'llimona', 'merenga', 'midó de blat de moro']","['hivern', 'primavera', 'tardor']"
Pastís casament de Fruits Vermells i Nata,postres,baixa,informal,gran,fred,"['farina', 'ous', 'sucre', 'nata', 'grosella', 'maduixa', 'nabiu', 'mantega']",,,casament,"['farina', 'ous', 'sucre', 'nata', 'grosella', 'maduixa', 'nabiu', 'mantega']","['estiu', 'hivern', 'primavera', 'tardor']"
Pastís casament de Vainilla amb Capes de Mango,postres,baixa,formal,gran,fred,"['farina', 'sucre', 'ous', 'mantega', 'vainilla', 'mango', 'nata']",,,casament,"['farina', 'sucre', 'ous', 'mantega', 'vainilla', 'mango', 'nata']","['estiu', 'hivern', 'primavera', 'tardor']"
Pastís casament de Nata i Préssec,postres,alta,formal,mitjana,fred,"['farina', 'sucre', 'nata', 'préssec', 'ous', 'vainilla']",,,casament,"['farina', 'sucre', 'nata', 'préssec', 'ous', 'vainilla']","['estiu', 'hivern', 'primavera', 'tardor']"
Pastís casament de Llimona amb Iogurt Greg,postres,alta,informal,mitjana,fred,"['farina', 'sucre', 'ous', 'iogurt grec', 'llimona', 'oli de gira-sol']",,,casament,"['farina', 'sucre', 'ous', 'iogurt grec', 'llimona', 'oli de gira-sol']","['hivern', 'primavera', 'tardor']"
Pastís casament de Maduixa amb Gelatina Natural,postres,alta,formal,mitjana,fred,"['farina', 'sucre', 'ous', 'maduixa', 'gelatina', 'nata']",,,casament,"['farina', 'sucre', 'ous', 'maduixa', 'gelatina', 'nata']","['estiu', 'hivern', 'primavera', 'tardor']"
Pastís casament de Xocolata Blanca i Gerds,postres,mitjana,formal,mitjana,fred,"['xocolata blanca', 'gerds', 'nata', 'ous', 'sucre', 'farina']",,,casament,"['xocolata blanca', 'gerds', 'nata', 'ous', 'sucre', 'farina']","['estiu', 'primavera']"
Pastís casament de Iogurt i Llimona amb Coco,postres,baixa,formal,mitjana,fred,"['farina', 'sucre', 'ous', 'iogurt', 'llimona', 'coco ratllat']",,,casament,"['farina', 'sucre', 'ous', 'iogurt', 'llimona', 'coco ratllat']","['hivern', 'primavera', 'tardor']"
Pastís aniversari de Llet Condensada i Galeta,postres,baixa,informal,mitjana,fred,"['llet condensada', 'galeta', 'mantega', 'ous', 'nata', 'sucre']",,,aniversari,"['llet condensada', 'galeta', 'mantega', 'ous', 'nata', 'sucre']","['estiu', 'hivern', 'primavera', 'tardor']"
Pastís aniversari de Xocolata i Caramel Salat,postres,mitjana,informal,mitjana,fred,"['xocolata negra', 'mantega', 'farina', 'sucre', 'caramel', 'nata', 'sal marina']",,,aniversari,"['xocolata negra', 'mantega', 'farina', 'sucre', 'caramel', 'nata', 'sal marina']","['estiu', 'hivern', 'primavera', 'tardor']"
Pastís aniversari Oreo amb Crema de Vainilla,postres,baixa,formal,mitjana,fred,"['galetes oreo', 'nata', 'formatge cremós', 'sucre glass', 'vainilla']",,,aniversari,"['galetes oreo', 'nata', 'formatge cremós', 'sucre glass', 'vainilla']","['estiu', 'hivern', 'primavera', 'tardor']"
Pastís aniversari de Taronja i Ametlles,postres,mitjana,formal,mitjana,fred,"['ametlles mòltes', 'taronja', 'sucre', 'ous', 'oli d’oliva']",,,aniversari,"['ametlles mòltes', 'taronja', 'sucre', 'ous', 'oli d’oliva']","['hivern', 'primavera', 'tardor']"
Pastís aniversari de Tres Xocolates,postres,mitjana,formal,mitjana,fred,"['galetes', 'mantega', 'xocolata negra', 'xocolata amb llet', 'xocolata blanca', 'nata', 'llet']",,,aniversari,"['galetes', 'mantega', 'xocolata negra', 'xocolata amb llet', 'xocolata blanca', 'nata', 'llet']","['estiu', 'hivern', 'primavera', 'tardor']"
Pastís aniversari de Formatge amb Fruits Vermells,postres,baixa,formal,mitjana,fred,"['galetes', 'mantega', 'formatge cremós', 'nata', 'sucre', 'maduixes', 'groselles', 'gerds']",,,aniversari,"['galetes', 'mantega', 'formatge cremós', 'nata', 'sucre', 'maduixes', 'groselles', 'gerds']","['estiu', 'primavera']"
Pastís aniversari de Pastanaga i Nous amb Glacé,postres,mitjana,informal,mitjana,fred,"['farina', 'sucre', 'pastanaga ratllada', 'nous', 'ous', 'oli de gira-sol', 'canyella', 'formatge cremós']",,,aniversari,"['farina', 'sucre', 'pastanaga ratllada', 'nous', 'ous', 'oli de gira-sol', 'canyella', 'formatge cremós']","['hivern', 'tardor']"
Pastís aniversari Sacher de Xocolata i Melmelada d’Albercoc,postres,mitjana,informal,mitjana,fred,"['farina', 'xocolata negra', 'mantega', 'ous', 'sucre', 'melmelada d’albercoc', 'cacau']",,,aniversari,"['farina', 'xocolata negra', 'mantega', 'ous', 'sucre', 'melmelada d’albercoc', 'cacau']","['estiu', 'hivern', 'primavera', 'tardor']"
Pastís aniversari Banoffee de Plàtan i Toffee,postres,baixa,informal,mitjana,fred,"['galetes', 'mantega', 'dolç de llet', 'plàtan', 'nata', 'sucre']",,,aniversari,"['galetes', 'mantega', 'dolç de llet', 'plàtan', 'nata', 'sucre']","['estiu', 'hivern', 'primavera', 'tardor']"
Pastís de Coco i Pinya,postres,baixa,informal,mitjana,fred,"['farina', 'sucre', 'ous', 'llet de coco', 'coco ratllat', 'pinya', 'mantega']",,,tots,"['farina', 'sucre', 'ous', 'llet de coco', 'coco ratllat', 'pinya', 'mantega']",['estiu']
Pastís de Llimona i Mousse de Llimona,postres,mitjana,informal,mitjana,fred,"['farina', 'sucre', 'ous', 'llimona', 'nata', 'gelatina', 'mantega']",,,tots,"['farina', 'sucre', 'ous', 'llimona', 'nata', 'gelatina', 'mantega']","['hivern', 'primavera', 'tardor']"
Pastís de Mango i Maracuià,postres,mitjana,informal,mitjana,fred,"['farina', 'sucre', 'ous', 'mango', 'maracuià', 'nata', 'gelatina', 'mantega']",,,tots,"['farina', 'sucre', 'ous', 'mango', 'maracuià', 'nata', 'gelatina', 'mantega']","['estiu', 'hivern', 'primavera', 'tardor']"
Pastís Red Velvet amb Crema Suau de Vainilla,postres,mitjana,informal,mitjana,fred,"['farina', 'cacau', 'sucre', 'mantega', 'ous', 'llet', 'colorant vermell', 'vinagre', 'bicarbonat', 'vainilla']",,,tots,"['farina', 'cacau', 'sucre', 'mantega', 'ous', 'llet', 'colorant vermell', 'vinagre', 'bicarbonat', 'vainilla']","['estiu', 'hivern', 'primavera', 'tardor']"
Pastís de Poma amb Crumble,postres,baixa,informal,mitjana,fred,"['farina', 'sucre', 'mantega', 'ous', 'poma', 'canyella', 'llevat']",,,tots,"['farina', 'sucre', 'mantega', 'ous', 'poma', 'canyella', 'llevat']","['hivern', 'primavera', 'tardor']"
Pastís de Pistatxo i Gerds,postres,mitjana,informal,mitjana,fred,"['farina', 'sucre', 'ous', 'mantega', 'pistatxo mòlt', 'gerds', 'nata']",,,tots,"['farina', 'sucre', 'ous', 'mantega', 'pistatxo mòlt', 'gerds', 'nata']","['estiu', 'primavera']"
Pastís Tiramisú (Capes de Cafè i Mascarpone),postres,mitjana,informal,mitjana,fred,"['melindros', 'cafè', 'mascarpone', 'nata', 'sucre', 'cacau en pols']",,,tots,"['melindros', 'cafè', 'mascarpone', 'nata', 'sucre', 'cacau en pols']","['estiu', 'hivern', 'primavera', 'tardor']"
