ingredient,alergens_eu,dietes,disponibilitat
llobarro,Peix,"P, PF, BF, AF, HALAL_POT, KOSHER_POT, GF, DF, EF, SF, CRUST_FREE, MOLLUSC_FREE, NUT_FREE, PEANUT_FREE, SESAME_FREE, CELERY_FREE, MUSTARD_FREE, SULPHITE_FREE, LUPIN_FREE",totes
patata,-,"VG, V, P, PF, BF, AF, HALAL_POT, KOSHER_POT, GF, DF, EF, SF, FISH_FREE, CRUST_FREE, MOLLUSC_FREE, NUT_FREE, PEANUT_FREE, SESAME_FREE, CELERY_FREE, MUSTARD_FREE, SULPHITE_FREE, LUPIN_FREE",totes
ceba,-,"VG, V, P, PF, BF, AF, HALAL_POT, KOSHER_POT, GF, DF, EF, SF, FISH_FREE, CRUST_FREE, MOLLUSC_FREE, NUT_FREE, PEANUT_FREE, SESAME_FREE, CELERY_FREE, MUSTARD_FREE, SULPHITE_FREE, LUPIN_FREE",totes
all,-,"VG, V, P, PF, BF, AF, HALAL_POT, KOSHER_POT, GF, DF, EF, SF, FISH_FREE, CRUST_FREE, MOLLUSC_FREE, NUT_FREE, PEANUT_FREE, SESAME_FREE, CELERY_FREE, MUSTARD_FREE, SULPHITE_FREE, LUPIN_FREE",totes
oli d'oliva,-,"VG, V, P, PF, BF, AF, HALAL_POT, KOSHER_POT, GF, DF, EF, SF, FISH_FREE, CRUST_FREE, MOLLUSC_FREE, NUT_FREE, PEANUT_FREE, SESAME_FREE, CELERY_FREE, MUSTARD_FREE, SULPHITE_FREE, LUPIN_FREE",totes
vi blanc,-,"VG, V, P, PF, BF, KOSHER_POT, GF, DF, EF, SF, FISH_FREE, CRUST_FREE, MOLLUSC_FREE, NUT_FREE, PEANUT_FREE, SESAME_FREE, CELERY_FREE, MUSTARD_FREE, SULPHITE_FREE, LUPIN_FREE",totes
julivert,-,"VG, V, P, PF, BF, AF, HALAL_POT, KOSHER_POT, GF, DF, EF, SF, FISH_FREE, CRUST_FREE, MOLLUSC_FREE, NUT_FREE, PEANUT_FREE, SESAME_FREE, CELERY_FREE, MUSTARD_FREE, SULPHITE_FREE, LUPIN_FREE",primavera-estiu-tardor
sal,-,"VG, V, P, PF, BF, AF, HALAL_POT, KOSHER_POT, GF, DF, EF, SF, FISH_FREE, CRUST_FREE, MOLLUSC_FREE, NUT_FREE, PEANUT_FREE, SESAME_FREE, CELERY_FREE, MUSTARD_FREE, SULPHITE_FREE, LUPIN_FREE",totes
vedella,-,"PF, AF, HALAL_POT, KOSHER_POT, GF, DF, EF, SF, FISH_FREE, CRUST_FREE, MOLLUSC_FREE, NUT_FREE, PEANUT_FREE, SESAME_FREE, CELERY_FREE, MUSTARD_FREE, SULPHITE_FREE, LUPIN_FREE",totes
sal gruixuda,-,"VG, V, P, PF, BF, AF, HALAL_POT, KOSHER_POT, GF, DF, EF, SF, FISH_FREE, CRUST_FREE, MOLLUSC_FREE, NUT_FREE, PEANUT_FREE, SESAME_FREE, CELERY_FREE, MUSTARD_FREE, SULPHITE_FREE, LUPIN_FREE",totes
pebre,-,"VG, V, P, PF, BF, AF, HALAL_POT, KOSHER_POT, GF, DF, EF, SF, FISH_FREE, CRUST_FREE, MOLLUSC_FREE, NUT_FREE, PEANUT_FREE, SESAME_FREE, CELERY_FREE, MUSTARD_FREE, SULPHITE_FREE, LUPIN_FREE",totes
patata rostida,-,"VG, V, P, PF, BF, AF, HALAL_POT, KOSHER_POT, GF, DF, EF, SF, FISH_FREE, CRUST_FREE, MOLLUSC_FREE, NUT_FREE, PEANUT_FREE, SESAME_FREE, CELERY_FREE, MUSTARD_FREE, SULPHITE_FREE, LUPIN_FREE",totes
pebrot escalivat,-,"VG, V, P, PF, BF, AF, HALAL_POT, KOSHER_POT, GF, DF, EF, SF, FISH_FREE, CRUST_FREE, MOLLUSC_FREE, NUT_FREE, PEANUT_FREE, SESAME_FREE, CELERY_FREE, MUSTARD_FREE, SULPHITE_FREE, LUPIN_FREE",estiu-tardor
mongetes tendres,-,"VG, V, P, PF, BF, AF, HALAL_POT, KOSHER_POT, GF, DF, EF, SF, FISH_FREE, CRUST_FREE, MOLLUSC_FREE, NUT_FREE, PEANUT_FREE, SESAME_FREE, CELERY_FREE, MUSTARD_FREE, SULPHITE_FREE, LUPIN_FREE",primavera-estiu
vinagre,-,"VG, V, P, PF, BF, AF, HALAL_POT, KOSHER_POT, GF, DF, EF, SF, FISH_FREE, CRUST_FREE, MOLLUSC_FREE, NUT_FREE, PEANUT_FREE, SESAME_FREE, CELERY_FREE, MUSTARD_FREE, SULPHITE_FREE, LUPIN_FREE",totes
cigrons cuits,-,"VG, V, P, PF, BF, AF, HALAL_POT, KOSHER_POT, GF, DF, EF, SF, FISH_FREE, CRUST_FREE, MOLLUSC_FREE, NUT_FREE, PEANUT_FREE, SESAME_FREE, CELERY_FREE, MUSTARD_FREE, SULPHITE_FREE, LUPIN_FREE",totes
espinacs,-,"VG, V, P, PF, BF, AF, HALAL_POT, KOSHER_POT, GF, DF, EF, SF, FISH_FREE, CRUST_FREE, MOLLUSC_FREE, NUT_FREE, PEANUT_FREE, SESAME_FREE, CELERY_FREE, MUSTARD_FREE, SULPHITE_FREE, LUPIN_FREE",tardor-hivern-primavera
pebre vermell,-,"VG, V, P, PF, BF, AF, HALAL_POT, KOSHER_POT, GF, DF, EF, SF, FISH_FREE, CRUST_FREE, MOLLUSC_FREE, NUT_FREE, PEANUT_FREE, SESAME_FREE, CELERY_FREE, MUSTARD_FREE, SULPHITE_FREE, LUPIN_FREE",totes
farigola,-,"VG, V, P, PF, BF, AF, HALAL_POT, KOSHER_POT, GF, DF, EF, SF, FISH_FREE, CRUST_FREE, MOLLUSC_FREE, NUT_FREE, PEANUT_FREE, SESAME_FREE, CELERY_FREE, MUSTARD_FREE, SULPHITE_FREE, LUPIN_FREE",primavera-estiu-tardor
aigua,-,"VG, V, P, PF, BF, AF, HALAL_POT, KOSHER_POT, GF, DF, EF, SF, FISH_FREE, CRUST_FREE, MOLLUSC_FREE, NUT_FREE, PEANUT_FREE, SESAME_FREE, CELERY_FREE, MUSTARD_FREE, SULPHITE_FREE, LUPIN_FREE",totes
pa,Gluten,"VG, V, P, PF, BF, AF, HALAL_POT, KOSHER_POT, DF, EF, SF, FISH_FREE, CRUST_FREE, MOLLUSC_FREE, NUT_FREE, PEANUT_FREE, SESAME_FREE, CELERY_FREE, MUSTARD_FREE, SULPHITE_FREE, LUPIN_FREE",totes
ou,Ous,"V, P, PF, BF, AF, HALAL_POT, KOSHER_POT, GF, DF, SF, FISH_FREE, CRUST_FREE, MOLLUSC_FREE, NUT_FREE, PEANUT_FREE, SESAME_FREE, CELERY_FREE, MUSTARD_FREE, SULPHITE_FREE, LUPIN_FREE",totes
bacallà dessalat,Peix,"P, PF, BF, AF, HALAL_POT, KOSHER_POT, GF, DF, EF, SF, CRUST_FREE, MOLLUSC_FREE, NUT_FREE, PEANUT_FREE, SESAME_FREE, CELERY_FREE, MUSTARD_FREE, SULPHITE_FREE, LUPIN_FREE",totes
taronja,-,"VG, V, P, PF, BF, AF, HALAL_POT, KOSHER_POT, GF, DF, EF, SF, FISH_FREE, CRUST_FREE, MOLLUSC_FREE, NUT_FREE, PEANUT_FREE, SESAME_FREE, CELERY_FREE, MUSTARD_FREE, SULPHITE_FREE, LUPIN_FREE",tardor-hivern-primavera
olives negres,-,"VG, V, P, PF, BF, AF, HALAL_POT, KOSHER_POT, GF, DF, EF, SF, FISH_FREE, CRUST_FREE, MOLLUSC_FREE, NUT_FREE, PEANUT_FREE, SESAME_FREE, CELERY_FREE, MUSTARD_FREE, SULPHITE_FREE, LUPIN_FREE",tardor-hivern
tonyina,Peix,"P, PF, BF, AF, HALAL_POT, KOSHER_POT, GF, DF, EF, SF, CRUST_FREE, MOLLUSC_FREE, NUT_FREE, PEANUT_FREE, SESAME_FREE, CELERY_FREE, MUSTARD_FREE, SULPHITE_FREE, LUPIN_FREE",totes
ou dur,Ous,"V, P, PF, BF, AF, HALAL_POT, KOSHER_POT, GF, DF, SF, FISH_FREE, CRUST_FREE, MOLLUSC_FREE, NUT_FREE, PEANUT_FREE, SESAME_FREE, CELERY_FREE, MUSTARD_FREE, SULPHITE_FREE, LUPIN_FREE",totes
verdures,-,"VG, V, P, PF, BF, AF, HALAL_POT, KOSHER_POT, GF, DF, EF, SF, FISH_FREE, CRUST_FREE, MOLLUSC_FREE, NUT_FREE, PEANUT_FREE, SESAME_FREE, CELERY_FREE, MUSTARD_FREE, SULPHITE_FREE, LUPIN_FREE",primavera-estiu-tardor
pastanaga,-,"VG, V, P, PF, BF, AF, HALAL_POT, KOSHER_POT, GF, DF, EF, SF, FISH_FREE, CRUST_FREE, MOLLUSC_FREE, NUT_FREE, PEANUT_FREE, SESAME_FREE, CELERY_FREE, MUSTARD_FREE, SULPHITE_FREE, LUPIN_FREE",tardor-hivern-primavera
porro,-,"VG, V, P, PF, BF, AF, HALAL_POT, KOSHER_POT, GF, DF, EF, SF, FISH_FREE, CRUST_FREE, MOLLUSC_FREE, NUT_FREE, PEANUT_FREE, SESAME_FREE, CELERY_FREE, MUSTARD_FREE, SULPHITE_FREE, LUPIN_FREE",tardor-hivern-primavera
api,Api,"VG, V, P, PF, BF, AF, HALAL_POT, KOSHER_POT, GF, DF, EF, SF, FISH_FREE, CRUST_FREE, MOLLUSC_FREE, NUT_FREE, PEANUT_FREE, SESAME_FREE, MUSTARD_FREE, SULPHITE_FREE, LUPIN_FREE",tardor-hivern-primavera
carbassó,-,"VG, V, P, PF, BF, AF, HALAL_POT, KOSHER_POT, GF, DF, EF, SF, FISH_FREE, CRUST_FREE, MOLLUSC_FREE, NUT_FREE, PEANUT_FREE, SESAME_FREE, CELERY_FREE, MUSTARD_FREE, SULPHITE_FREE, LUPIN_FREE",primavera-estiu
escarola,-,"VG, V, P, PF, BF, AF, HALAL_POT, KOSHER_POT, GF, DF, EF, SF, FISH_FREE, CRUST_FREE, MOLLUSC_FREE, NUT_FREE, PEANUT_FREE, SESAME_FREE, CELERY_FREE, MUSTARD_FREE, SULPHITE_FREE, LUPIN_FREE",tardor-hivern
anxoves,Peix,"P, PF, BF, AF, HALAL_POT, KOSHER_POT, GF, DF, EF, SF, CRUST_FREE, MOLLUSC_FREE, NUT_FREE, PEANUT_FREE, SESAME_FREE, CELERY_FREE, MUSTARD_FREE, SULPHITE_FREE, LUPIN_FREE",totes
olives arbequines,-,"VG, V, P, PF, BF, AF, HALAL_POT, KOSHER_POT, GF, DF, EF, SF, FISH_FREE, CRUST_FREE, MOLLUSC_FREE, NUT_FREE, PEANUT_FREE, SESAME_FREE, CELERY_FREE, MUSTARD_FREE, SULPHITE_FREE, LUPIN_FREE",tardor-hivern
nyora,-,"VG, V, P, PF, BF, AF, HALAL_POT, KOSHER_POT, GF, DF, EF, SF, FISH_FREE, CRUST_FREE, MOLLUSC_FREE, NUT_FREE, PEANUT_FREE, SESAME_FREE, CELERY_FREE, MUSTARD_FREE, SULPHITE_FREE, LUPIN_FREE",estiu-tardor
ametlla,Fruits secs,"VG, V, P, PF, BF, AF, HALAL_POT, KOSHER_POT, GF, DF, EF, SF, FISH_FREE, CRUST_FREE, MOLLUSC_FREE, PEANUT_FREE, SESAME_FREE, CELERY_FREE, MUSTARD_FREE, SULPHITE_FREE, LUPIN_FREE",tardor-hivern
avellana,Fruits secs,"VG, V, P, PF, BF, AF, HALAL_POT, KOSHER_POT, GF, DF, EF, SF, FISH_FREE, CRUST_FREE, MOLLUSC_FREE, PEANUT_FREE, SESAME_FREE, CELERY_FREE, MUSTARD_FREE, SULPHITE_FREE, LUPIN_FREE",tardor-hivern
tomàquet escalivat,-,"VG, V, P, PF, BF, AF, HALAL_POT, KOSHER_POT, GF, DF, EF, SF, FISH_FREE, CRUST_FREE, MOLLUSC_FREE, NUT_FREE, PEANUT_FREE, SESAME_FREE, CELERY_FREE, MUSTARD_FREE, SULPHITE_FREE, LUPIN_FREE",estiu-tardor
carxofes,-,"VG, V, P, PF, BF, AF, HALAL_POT, KOSHER_POT, GF, DF, EF, SF, FISH_FREE, CRUST_FREE, MOLLUSC_FREE, NUT_FREE, PEANUT_FREE, SESAME_FREE, CELERY_FREE, MUSTARD_FREE, SULPHITE_FREE, LUPIN_FREE",tardor-hivern-primavera
pernil,-,"BF, AF, GF, DF, EF, SF, FISH_FREE, CRUST_FREE, MOLLUSC_FREE, NUT_FREE, PEANUT_FREE, SESAME_FREE, CELERY_FREE, MUSTARD_FREE, SULPHITE_FREE, LUPIN_FREE",totes
peix,Peix,"P, PF, BF, AF, HALAL_POT, KOSHER_POT, GF, DF, EF, SF, CRUST_FREE, MOLLUSC_FREE, NUT_FREE, PEANUT_FREE, SESAME_FREE, CELERY_FREE, MUSTARD_FREE, SULPHITE_FREE, LUPIN_FREE",totes
pasta,Gluten,"VG, V, P, PF, BF, AF, HALAL_POT, KOSHER_POT, DF, EF, SF, FISH_FREE, CRUST_FREE, MOLLUSC_FREE, NUT_FREE, PEANUT_FREE, SESAME_FREE, CELERY_FREE, MUSTARD_FREE, SULPHITE_FREE, LUPIN_FREE",totes
tomàquet,-,"VG, V, P, PF, BF, AF, HALAL_POT, KOSHER_POT, GF, DF, EF, SF, FISH_FREE, CRUST_FREE, MOLLUSC_FREE, NUT_FREE, PEANUT_FREE, SESAME_FREE, CELERY_FREE, MUSTARD_FREE, SULPHITE_FREE, LUPIN_FREE",estiu-tardor
cigrons,-,"VG, V, P, PF, BF, AF, HALAL_POT, KOSHER_POT, GF, DF, EF, SF, FISH_FREE, CRUST_FREE, MOLLUSC_FREE, NUT_FREE, PEANUT_FREE, SESAME_FREE, CELERY_FREE, MUSTARD_FREE, SULPHITE_FREE, LUPIN_FREE",totes
mongeta,-,"VG, V, P, PF, BF, AF, HALAL_POT, KOSHER_POT, GF, DF, EF, SF, FISH_FREE, CRUST_FREE, MOLLUSC_FREE, NUT_FREE, PEANUT_FREE, SESAME_FREE, CELERY_FREE, MUSTARD_FREE, SULPHITE_FREE, LUPIN_FREE",tardor-hivern
pebrot,-,"VG, V, P, PF, BF, AF, HALAL_POT, KOSHER_POT, GF, DF, EF, SF, FISH_FREE, CRUST_FREE, MOLLUSC_FREE, NUT_FREE, PEANUT_FREE, SESAME_FREE, CELERY_FREE, MUSTARD_FREE, SULPHITE_FREE, LUPIN_FREE",estiu-tardor
cargols,-,"VG, V, P, PF, BF, AF, HALAL_POT, KOSHER_POT, GF, DF, EF, SF, FISH_FREE, CRUST_FREE, MOLLUSC_FREE, NUT_FREE, PEANUT_FREE, SESAME_FREE, CELERY_FREE, MUSTARD_FREE, SULPHITE_FREE, LUPIN_FREE",primavera-estiu
porc,-,"BF, AF, GF, DF, EF, SF, FISH_FREE, CRUST_FREE, MOLLUSC_FREE, NUT_FREE, PEANUT_FREE, SESAME_FREE, CELERY_FREE, MUSTARD_FREE, SULPHITE_FREE, LUPIN_FREE",totes
nata,Llet,"V, P, PF, BF, AF, HALAL_POT, KOSHER_POT, GF, EF, SF, FISH_FREE, CRUST_FREE, MOLLUSC_FREE, NUT_FREE, PEANUT_FREE, SESAME_FREE, CELERY_FREE, MUSTARD_FREE, SULPHITE_FREE, LUPIN_FREE",totes
pebre verd,-,"VG, V, P, PF, BF, AF, HALAL_POT, KOSHER_POT, GF, DF, EF, SF, FISH_FREE, CRUST_FREE, MOLLUSC_FREE, NUT_FREE, PEANUT_FREE, SESAME_FREE, CELERY_FREE, MUSTARD_FREE, SULPHITE_FREE, LUPIN_FREE",totes
conyac,-,"VG, V, P, PF, BF, KOSHER_POT, GF, DF, EF, SF, FISH_FREE, CRUST_FREE, MOLLUSC_FREE, NUT_FREE, PEANUT_FREE, SESAME_FREE, CELERY_FREE, MUSTARD_FREE, SULPHITE_FREE, LUPIN_FREE",totes
mantega,Llet,"V, P, PF, BF, AF, HALAL_POT, KOSHER_POT, GF, EF, SF, FISH_FREE, CRUST_FREE, MOLLUSC_FREE, NUT_FREE, PEANUT_FREE, SESAME_FREE, CELERY_FREE, MUSTARD_FREE, SULPHITE_FREE, LUPIN_FREE",totes
rap,Peix,"P, PF, BF, AF, HALAL_POT, KOSHER_POT, GF, DF, EF, SF, CRUST_FREE, MOLLUSC_FREE, NUT_FREE, PEANUT_FREE, SESAME_FREE, CELERY_FREE, MUSTARD_FREE, SULPHITE_FREE, LUPIN_FREE",totes
tall rodó de vedella,-,"PF, AF, HALAL_POT, KOSHER_POT, GF, DF, EF, SF, FISH_FREE, CRUST_FREE, MOLLUSC_FREE, NUT_FREE, PEANUT_FREE, SESAME_FREE, CELERY_FREE, MUSTARD_FREE, SULPHITE_FREE, LUPIN_FREE",totes
bolets,-,"VG, V, P, PF, BF, AF, HALAL_POT, KOSHER_POT, GF, DF, EF, SF, FISH_FREE, CRUST_FREE, MOLLUSC_FREE, NUT_FREE, PEANUT_FREE, SESAME_FREE, CELERY_FREE, MUSTARD_FREE, SULPHITE_FREE, LUPIN_FREE",tardor
vi negre,-,"VG, V, P, PF, BF, KOSHER_POT, GF, DF, EF, SF, FISH_FREE, CRUST_FREE, MOLLUSC_FREE, NUT_FREE, PEANUT_FREE, SESAME_FREE, CELERY_FREE, MUSTARD_FREE, SULPHITE_FREE, LUPIN_FREE",totes
carn picada,-,"VG, V, P, PF, BF, AF, HALAL_POT, KOSHER_POT, GF, DF, EF, SF, FISH_FREE, CRUST_FREE, MOLLUSC_FREE, NUT_FREE, PEANUT_FREE, SESAME_FREE, CELERY_FREE, MUSTARD_FREE, SULPHITE_FREE, LUPIN_FREE",totes
pa remullat,Gluten,"VG, V, P, PF, BF, AF, HALAL_POT, KOSHER_POT, DF, EF, SF, FISH_FREE, CRUST_FREE, MOLLUSC_FREE, NUT_FREE, PEANUT_FREE, SESAME_FREE, CELERY_FREE, MUSTARD_FREE, SULPHITE_FREE, LUPIN_FREE",totes
ametlla mòlta,Fruits secs,"VG, V, P, PF, BF, AF, HALAL_POT, KOSHER_POT, GF, DF, EF, SF, FISH_FREE, CRUST_FREE, MOLLUSC_FREE, PEANUT_FREE, SESAME_FREE, CELERY_FREE, MUSTARD_FREE, SULPHITE_FREE, LUPIN_FREE",tardor-hivern
moixernons,-,"VG, V, P, PF, BF, AF, HALAL_POT, KOSHER_POT, GF, DF, EF, SF, FISH_FREE, CRUST_FREE, MOLLUSC_FREE, NUT_FREE, PEANUT_FREE, SESAME_FREE, CELERY_FREE, MUSTARD_FREE, SULPHITE_FREE, LUPIN_FREE",tardor
farina,Gluten,"VG, V, P, PF, BF, AF, HALAL_POT, KOSHER_POT, DF, EF, SF, FISH_FREE, CRUST_FREE, MOLLUSC_FREE, NUT_FREE, PEANUT_FREE, SESAME_FREE, CELERY_FREE, MUSTARD_FREE, SULPHITE_FREE, LUPIN_FREE",totes
secreto ibèric,-,"BF, AF, GF, DF, EF, SF, FISH_FREE, CRUST_FREE, MOLLUSC_FREE, NUT_FREE, PEANUT_FREE, SESAME_FREE, CELERY_FREE, MUSTARD_FREE, SULPHITE_FREE, LUPIN_FREE",totes
orenga,-,"VG, V, P, PF, BF, AF, HALAL_POT, KOSHER_POT, GF, DF, EF, SF, FISH_FREE, CRUST_FREE, MOLLUSC_FREE, NUT_FREE, PEANUT_FREE, SESAME_FREE, CELERY_FREE, MUSTARD_FREE, SULPHITE_FREE, LUPIN_FREE",primavera-estiu-tardor
presa ibèrica,-,"VG, V, P, PF, BF, AF, HALAL_POT, KOSHER_POT, GF, DF, EF, SF, FISH_FREE, CRUST_FREE, MOLLUSC_FREE, NUT_FREE, PEANUT_FREE, SESAME_FREE, CELERY_FREE, MUSTARD_FREE, SULPHITE_FREE, LUPIN_FREE",totes
mostassa antiga,Mostassa,"VG, V, P, PF, BF, AF, HALAL_POT, KOSHER_POT, GF, DF, EF, SF, FISH_FREE, CRUST_FREE, MOLLUSC_FREE, NUT_FREE, PEANUT_FREE, SESAME_FREE, CELERY_FREE, SULPHITE_FREE, LUPIN_FREE",totes
sucre o mel,-,"V, P, PF, BF, AF, HALAL_POT, KOSHER_POT, GF, DF, EF, SF, FISH_FREE, CRUST_FREE, MOLLUSC_FREE, NUT_FREE, PEANUT_FREE, SESAME_FREE, CELERY_FREE, MUSTARD_FREE, SULPHITE_FREE, LUPIN_FREE",totes
espècies,-,"VG, V, P, PF, BF, AF, HALAL_POT, KOSHER_POT, GF, DF, EF, SF, FISH_FREE, CRUST_FREE, MOLLUSC_FREE, NUT_FREE, PEANUT_FREE, SESAME_FREE, CELERY_FREE, MUSTARD_FREE, SULPHITE_FREE, LUPIN_FREE",totes
mel,-,"V, P, PF, BF, AF, HALAL_POT, KOSHER_POT, GF, DF, EF, SF, FISH_FREE, CRUST_FREE, MOLLUSC_FREE, NUT_FREE, PEANUT_FREE, SESAME_FREE, CELERY_FREE, MUSTARD_FREE, SULPHITE_FREE, LUPIN_FREE",primavera-estiu
mostassa,Mostassa,"VG, V, P, PF, BF, AF, HALAL_POT, KOSHER_POT, GF, DF, EF, SF, FISH_FREE, CRUST_FREE, MOLLUSC_FREE, NUT_FREE, PEANUT_FREE, SESAME_FREE, CELERY_FREE, SULPHITE_FREE, LUPIN_FREE",totes
romaní,-,"VG, V, P, PF, BF, KOSHER_POT, GF, DF, EF, SF, FISH_FREE, CRUST_FREE, MOLLUSC_FREE, NUT_FREE, PEANUT_FREE, SESAME_FREE, CELERY_FREE, MUSTARD_FREE, SULPHITE_FREE, LUPIN_FREE",primavera-estiu-tardor
patates,-,"VG, V, P, PF, BF, AF, HALAL_POT, KOSHER_POT, GF, DF, EF, SF, FISH_FREE, CRUST_FREE, MOLLUSC_FREE, NUT_FREE, PEANUT_FREE, SESAME_FREE, CELERY_FREE, MUSTARD_FREE, SULPHITE_FREE, LUPIN_FREE",totes
xai,-,"PF, BF, AF, HALAL_POT, KOSHER_POT, GF, DF, EF, SF, FISH_FREE, CRUST_FREE, MOLLUSC_FREE, NUT_FREE, PEANUT_FREE, SESAME_FREE, CELERY_FREE, MUSTARD_FREE, SULPHITE_FREE, LUPIN_FREE",totes
carn de corder,-,"PF, BF, AF, HALAL_POT, KOSHER_POT, GF, DF, EF, SF, FISH_FREE, CRUST_FREE, MOLLUSC_FREE, NUT_FREE, PEANUT_FREE, SESAME_FREE, CELERY_FREE, MUSTARD_FREE, SULPHITE_FREE, LUPIN_FREE",totes
pebrot roig,-,"VG, V, P, PF, BF, AF, HALAL_POT, KOSHER_POT, GF, DF, EF, SF, FISH_FREE, CRUST_FREE, MOLLUSC_FREE, NUT_FREE, PEANUT_FREE, SESAME_FREE, CELERY_FREE, MUSTARD_FREE, SULPHITE_FREE, LUPIN_FREE",estiu-tardor
pollastre,-,"PF, BF, AF, HALAL_POT, KOSHER_POT, GF, DF, EF, SF, FISH_FREE, CRUST_FREE, MOLLUSC_FREE, NUT_FREE, PEANUT_FREE, SESAME_FREE, CELERY_FREE, MUSTARD_FREE, SULPHITE_FREE, LUPIN_FREE",totes
prunes,-,"VG, V, P, PF, BF, AF, HALAL_POT, KOSHER_POT, GF, DF, EF, SF, FISH_FREE, CRUST_FREE, MOLLUSC_FREE, NUT_FREE, PEANUT_FREE, SESAME_FREE, CELERY_FREE, MUSTARD_FREE, SULPHITE_FREE, LUPIN_FREE",estiu-tardor
pinyons,Fruits secs,"VG, V, P, PF, BF, AF, HALAL_POT, KOSHER_POT, GF, DF, EF, SF, FISH_FREE, CRUST_FREE, MOLLUSC_FREE, PEANUT_FREE, SESAME_FREE, CELERY_FREE, MUSTARD_FREE, SULPHITE_FREE, LUPIN_FREE",tardor
vi dolç,-,"VG, V, P, PF, BF, KOSHER_POT, GF, DF, EF, SF, FISH_FREE, CRUST_FREE, MOLLUSC_FREE, NUT_FREE, PEANUT_FREE, SESAME_FREE, CELERY_FREE, MUSTARD_FREE, SULPHITE_FREE, LUPIN_FREE",totes
magret d'ànec,-,"PF, BF, AF, HALAL_POT, KOSHER_POT, GF, DF, EF, SF, FISH_FREE, CRUST_FREE, MOLLUSC_FREE, NUT_FREE, PEANUT_FREE, SESAME_FREE, CELERY_FREE, MUSTARD_FREE, SULPHITE_FREE, LUPIN_FREE",totes
sucre,-,"VG, V, P, PF, BF, AF, HALAL_POT, KOSHER_POT, GF, DF, EF, SF, FISH_FREE, CRUST_FREE, MOLLUSC_FREE, NUT_FREE, PEANUT_FREE, SESAME_FREE, CELERY_FREE, MUSTARD_FREE, SULPHITE_FREE, LUPIN_FREE",totes
curri,-,"VG, V, P, PF, BF, AF, HALAL_POT, KOSHER_POT, GF, DF, EF, SF, FISH_FREE, CRUST_FREE, MOLLUSC_FREE, NUT_FREE, PEANUT_FREE, SESAME_FREE, CELERY_FREE, MUSTARD_FREE, SULPHITE_FREE, LUPIN_FREE",totes
llet de coco,-,"V, P, PF, BF, AF, HALAL_POT, KOSHER_POT, GF, DF, EF, SF, FISH_FREE, CRUST_FREE, MOLLUSC_FREE, NUT_FREE, PEANUT_FREE, SESAME_FREE, CELERY_FREE, MUSTARD_FREE, SULPHITE_FREE, LUPIN_FREE",totes
arròs blanc,-,"VG, V, P, PF, BF, AF, HALAL_POT, KOSHER_POT, GF, DF, EF, SF, FISH_FREE, CRUST_FREE, MOLLUSC_FREE, NUT_FREE, PEANUT_FREE, SESAME_FREE, CELERY_FREE, MUSTARD_FREE, SULPHITE_FREE, LUPIN_FREE",totes
cuixa d'ànec confitada,-,"PF, BF, AF, HALAL_POT, KOSHER_POT, GF, DF, EF, SF, FISH_FREE, CRUST_FREE, MOLLUSC_FREE, NUT_FREE, PEANUT_FREE, SESAME_FREE, CELERY_FREE, MUSTARD_FREE, SULPHITE_FREE, LUPIN_FREE",totes
poma saltejada,-,"VG, V, P, PF, BF, AF, HALAL_POT, KOSHER_POT, GF, DF, EF, SF, FISH_FREE, CRUST_FREE, MOLLUSC_FREE, NUT_FREE, PEANUT_FREE, SESAME_FREE, CELERY_FREE, MUSTARD_FREE, SULPHITE_FREE, LUPIN_FREE",tardor-hivern-primavera
reducció de vi,-,"VG, V, P, PF, BF, KOSHER_POT, GF, DF, EF, SF, FISH_FREE, CRUST_FREE, MOLLUSC_FREE, NUT_FREE, PEANUT_FREE, SESAME_FREE, CELERY_FREE, MUSTARD_FREE, SULPHITE_FREE, LUPIN_FREE",totes
bacallà,Peix,"P, PF, BF, AF, HALAL_POT, KOSHER_POT, GF, DF, EF, SF, CRUST_FREE, MOLLUSC_FREE, NUT_FREE, PEANUT_FREE, SESAME_FREE, CELERY_FREE, MUSTARD_FREE, SULPHITE_FREE, LUPIN_FREE",totes
alvocat,-,"VG, V, P, PF, BF, AF, HALAL_POT, KOSHER_POT, GF, DF, EF, SF, FISH_FREE, CRUST_FREE, MOLLUSC_FREE, NUT_FREE, PEANUT_FREE, SESAME_FREE, CELERY_FREE, MUSTARD_FREE, SULPHITE_FREE, LUPIN_FREE",tardor-hivern-primavera
llimona,-,"VG, V, P, PF, BF, AF, HALAL_POT, KOSHER_POT, GF, DF, EF, SF, FISH_FREE, CRUST_FREE, MOLLUSC_FREE, NUT_FREE, PEANUT_FREE, SESAME_FREE, CELERY_FREE, MUSTARD_FREE, SULPHITE_FREE, LUPIN_FREE",tardor-hivern-primavera
calçots,-,"VG, V, P, PF, BF, AF, HALAL_POT, KOSHER_POT, GF, DF, EF, SF, FISH_FREE, CRUST_FREE, MOLLUSC_FREE, NUT_FREE, PEANUT_FREE, SESAME_FREE, CELERY_FREE, MUSTARD_FREE, SULPHITE_FREE, LUPIN_FREE",hivern-primavera
bitxo,-,"VG, V, P, PF, BF, AF, HALAL_POT, KOSHER_POT, GF, DF, EF, SF, FISH_FREE, CRUST_FREE, MOLLUSC_FREE, NUT_FREE, PEANUT_FREE, SESAME_FREE, CELERY_FREE, MUSTARD_FREE, SULPHITE_FREE, LUPIN_FREE",estiu-tardor
arròs,-,"VG, V, P, PF, BF, AF, HALAL_POT, KOSHER_POT, GF, DF, EF, SF, FISH_FREE, CRUST_FREE, MOLLUSC_FREE, NUT_FREE, PEANUT_FREE, SESAME_FREE, CELERY_FREE, MUSTARD_FREE, SULPHITE_FREE, LUPIN_FREE",totes
tinta de sípia,Mol·luscs,"P, PF, BF, AF, HALAL_POT, GF, DF, EF, SF, FISH_FREE, CRUST_FREE, NUT_FREE, PEANUT_FREE, SESAME_FREE, CELERY_FREE, MUSTARD_FREE, SULPHITE_FREE, LUPIN_FREE",totes
calamar,Mol·luscs,"P, PF, BF, AF, HALAL_POT, GF, DF, EF, SF, FISH_FREE, CRUST_FREE, NUT_FREE, PEANUT_FREE, SESAME_FREE, CELERY_FREE, MUSTARD_FREE, SULPHITE_FREE, LUPIN_FREE",totes
lluç,Peix,"P, PF, BF, AF, HALAL_POT, KOSHER_POT, GF, DF, EF, SF, CRUST_FREE, MOLLUSC_FREE, NUT_FREE, PEANUT_FREE, SESAME_FREE, CELERY_FREE, MUSTARD_FREE, SULPHITE_FREE, LUPIN_FREE",totes
gamba,Crustacis,"P, PF, BF, AF, HALAL_POT, GF, DF, EF, SF, FISH_FREE, MOLLUSC_FREE, NUT_FREE, PEANUT_FREE, SESAME_FREE, CELERY_FREE, MUSTARD_FREE, SULPHITE_FREE, LUPIN_FREE",estiu
albergínia,-,"VG, V, P, PF, BF, AF, HALAL_POT, KOSHER_POT, GF, DF, EF, SF, FISH_FREE, CRUST_FREE, MOLLUSC_FREE, NUT_FREE, PEANUT_FREE, SESAME_FREE, CELERY_FREE, MUSTARD_FREE, SULPHITE_FREE, LUPIN_FREE",estiu-tardor
seitó,Peix,"P, PF, BF, AF, HALAL_POT, KOSHER_POT, GF, DF, EF, SF, CRUST_FREE, MOLLUSC_FREE, NUT_FREE, PEANUT_FREE, SESAME_FREE, CELERY_FREE, MUSTARD_FREE, SULPHITE_FREE, LUPIN_FREE",primavera-estiu
arengada,Peix,"P, PF, BF, AF, HALAL_POT, KOSHER_POT, GF, DF, EF, SF, CRUST_FREE, MOLLUSC_FREE, NUT_FREE, PEANUT_FREE, SESAME_FREE, CELERY_FREE, MUSTARD_FREE, SULPHITE_FREE, LUPIN_FREE",totes
espàrrecs,-,"VG, V, P, PF, BF, AF, HALAL_POT, KOSHER_POT, GF, DF, EF, SF, FISH_FREE, CRUST_FREE, MOLLUSC_FREE, NUT_FREE, PEANUT_FREE, SESAME_FREE, CELERY_FREE, MUSTARD_FREE, SULPHITE_FREE, LUPIN_FREE",primavera
favetes tendres,-,"VG, V, P, PF, BF, AF, HALAL_POT, KOSHER_POT, GF, DF, EF, SF, FISH_FREE, CRUST_FREE, MOLLUSC_FREE, NUT_FREE, PEANUT_FREE, SESAME_FREE, CELERY_FREE, MUSTARD_FREE, SULPHITE_FREE, LUPIN_FREE",primavera
menta,-,"VG, V, P, PF, BF, AF, HALAL_POT, KOSHER_POT, GF, DF, EF, SF, FISH_FREE, CRUST_FREE, MOLLUSC_FREE, NUT_FREE, PEANUT_FREE, SESAME_FREE, CELERY_FREE, MUSTARD_FREE, SULPHITE_FREE, LUPIN_FREE",primavera-estiu-tardor
faves,-,"VG, V, P, PF, BF, AF, HALAL_POT, KOSHER_POT, GF, DF, EF, SF, FISH_FREE, CRUST_FREE, MOLLUSC_FREE, NUT_FREE, PEANUT_FREE, SESAME_FREE, CELERY_FREE, MUSTARD_FREE, SULPHITE_FREE, LUPIN_FREE",primavera
butifarra negra,-,"VG, V, P, PF, BF, AF, HALAL_POT, KOSHER_POT, GF, DF, EF, SF, FISH_FREE, CRUST_FREE, MOLLUSC_FREE, NUT_FREE, PEANUT_FREE, SESAME_FREE, CELERY_FREE, MUSTARD_FREE, SULPHITE_FREE, LUPIN_FREE",totes
vi,-,"VG, V, P, PF, BF, AF, HALAL_POT, KOSHER_POT, GF, DF, EF, SF, FISH_FREE, CRUST_FREE, MOLLUSC_FREE, NUT_FREE, PEANUT_FREE, SESAME_FREE, CELERY_FREE, MUSTARD_FREE, SULPHITE_FREE, LUPIN_FREE",totes
llet,Llet,"V, P, PF, BF, AF, HALAL_POT, KOSHER_POT, GF, EF, SF, FISH_FREE, CRUST_FREE, MOLLUSC_FREE, NUT_FREE, PEANUT_FREE, SESAME_FREE, CELERY_FREE, MUSTARD_FREE, SULPHITE_FREE, LUPIN_FREE",totes
col d'hivern,-,"VG, V, P, PF, BF, AF, HALAL_POT, KOSHER_POT, GF, DF, EF, SF, FISH_FREE, CRUST_FREE, MOLLUSC_FREE, NUT_FREE, PEANUT_FREE, SESAME_FREE, CELERY_FREE, MUSTARD_FREE, SULPHITE_FREE, LUPIN_FREE",tardor-hivern
enciam barrejat,-,"VG, V, P, PF, BF, AF, HALAL_POT, KOSHER_POT, GF, DF, EF, SF, FISH_FREE, CRUST_FREE, MOLLUSC_FREE, NUT_FREE, PEANUT_FREE, SESAME_FREE, CELERY_FREE, MUSTARD_FREE, SULPHITE_FREE, LUPIN_FREE",primavera-estiu-tardor
formatge de cabra,Llet,"V, P, PF, BF, AF, HALAL_POT, KOSHER_POT, GF, EF, SF, FISH_FREE, CRUST_FREE, MOLLUSC_FREE, NUT_FREE, PEANUT_FREE, SESAME_FREE, CELERY_FREE, MUSTARD_FREE, SULPHITE_FREE, LUPIN_FREE",totes
nous,Fruits secs,"VG, V, P, PF, BF, AF, HALAL_POT, KOSHER_POT, GF, DF, EF, SF, FISH_FREE, CRUST_FREE, MOLLUSC_FREE, PEANUT_FREE, SESAME_FREE, CELERY_FREE, MUSTARD_FREE, SULPHITE_FREE, LUPIN_FREE",tardor-hivern
panses,-,"VG, V, P, PF, BF, AF, HALAL_POT, KOSHER_POT, GF, DF, EF, SF, FISH_FREE, CRUST_FREE, MOLLUSC_FREE, NUT_FREE, PEANUT_FREE, SESAME_FREE, CELERY_FREE, MUSTARD_FREE, SULPHITE_FREE, LUPIN_FREE",totes
vinagreta,-,"VG, V, P, PF, BF, AF, HALAL_POT, KOSHER_POT, GF, DF, EF, SF, FISH_FREE, CRUST_FREE, MOLLUSC_FREE, NUT_FREE, PEANUT_FREE, SESAME_FREE, CELERY_FREE, MUSTARD_FREE, SULPHITE_FREE, LUPIN_FREE",totes
brou de carn,-,"VG, V, P, PF, BF, AF, HALAL_POT, KOSHER_POT, GF, DF, EF, SF, FISH_FREE, CRUST_FREE, MOLLUSC_FREE, NUT_FREE, PEANUT_FREE, SESAME_FREE, CELERY_FREE, MUSTARD_FREE, SULPHITE_FREE, LUPIN_FREE",totes
pasta de sopa,Gluten,"VG, V, P, PF, BF, AF, HALAL_POT, KOSHER_POT, DF, EF, SF, FISH_FREE, CRUST_FREE, MOLLUSC_FREE, NUT_FREE, PEANUT_FREE, SESAME_FREE, CELERY_FREE, MUSTARD_FREE, SULPHITE_FREE, LUPIN_FREE",totes
carn d'olla picada,-,"VG, V, P, PF, BF, AF, HALAL_POT, KOSHER_POT, GF, DF, EF, SF, FISH_FREE, CRUST_FREE, MOLLUSC_FREE, NUT_FREE, PEANUT_FREE, SESAME_FREE, CELERY_FREE, MUSTARD_FREE, SULPHITE_FREE, LUPIN_FREE",totes
pilota picada,-,"VG, V, P, PF, BF, AF, HALAL_POT, KOSHER_POT, GF, DF, EF, SF, FISH_FREE, CRUST_FREE, MOLLUSC_FREE, NUT_FREE, PEANUT_FREE, SESAME_FREE, CELERY_FREE, MUSTARD_FREE, SULPHITE_FREE, LUPIN_FREE",totes
nata (opcional),Llet,"V, P, PF, BF, AF, HALAL_POT, KOSHER_POT, GF, EF, SF, FISH_FREE, CRUST_FREE, MOLLUSC_FREE, NUT_FREE, PEANUT_FREE, SESAME_FREE, CELERY_FREE, MUSTARD_FREE, SULPHITE_FREE, LUPIN_FREE",totes
mongeta del ganxet,-,"VG, V, P, PF, BF, AF, HALAL_POT, KOSHER_POT, GF, DF, EF, SF, FISH_FREE, CRUST_FREE, MOLLUSC_FREE, NUT_FREE, PEANUT_FREE, SESAME_FREE, CELERY_FREE, MUSTARD_FREE, SULPHITE_FREE, LUPIN_FREE",tardor-hivern
bacallà esqueixat,Peix,"P, PF, BF, AF, HALAL_POT, KOSHER_POT, GF, DF, EF, SF, CRUST_FREE, MOLLUSC_FREE, NUT_FREE, PEANUT_FREE, SESAME_FREE, CELERY_FREE, MUSTARD_FREE, SULPHITE_FREE, LUPIN_FREE",totes
mongeta tendra,-,"VG, V, P, PF, BF, AF, HALAL_POT, KOSHER_POT, GF, DF, EF, SF, FISH_FREE, CRUST_FREE, MOLLUSC_FREE, NUT_FREE, PEANUT_FREE, SESAME_FREE, CELERY_FREE, MUSTARD_FREE, SULPHITE_FREE, LUPIN_FREE",primavera-estiu
olives,-,"VG, V, P, PF, BF, AF, HALAL_POT, KOSHER_POT, GF, DF, EF, SF, FISH_FREE, CRUST_FREE, MOLLUSC_FREE, NUT_FREE, PEANUT_FREE, SESAME_FREE, CELERY_FREE, MUSTARD_FREE, SULPHITE_FREE, LUPIN_FREE",tardor-hivern
blat de moro,-,"VG, V, P, PF, BF, AF, HALAL_POT, KOSHER_POT, GF, DF, EF, SF, FISH_FREE, CRUST_FREE, MOLLUSC_FREE, NUT_FREE, PEANUT_FREE, SESAME_FREE, CELERY_FREE, MUSTARD_FREE, SULPHITE_FREE, LUPIN_FREE",estiu
pernil dolç,-,"BF, AF, GF, DF, EF, SF, FISH_FREE, CRUST_FREE, MOLLUSC_FREE, NUT_FREE, PEANUT_FREE, SESAME_FREE, CELERY_FREE, MUSTARD_FREE, SULPHITE_FREE, LUPIN_FREE",totes
formatge,Llet,"V, P, PF, BF, AF, HALAL_POT, KOSHER_POT, GF, EF, SF, FISH_FREE, CRUST_FREE, MOLLUSC_FREE, NUT_FREE, PEANUT_FREE, SESAME_FREE, CELERY_FREE, MUSTARD_FREE, SULPHITE_FREE, LUPIN_FREE",totes
espàrrecs blancs,-,"VG, V, P, PF, BF, AF, HALAL_POT, KOSHER_POT, GF, DF, EF, SF, FISH_FREE, CRUST_FREE, MOLLUSC_FREE, NUT_FREE, PEANUT_FREE, SESAME_FREE, CELERY_FREE, MUSTARD_FREE, SULPHITE_FREE, LUPIN_FREE",primavera
enciam,-,"VG, V, P, PF, BF, AF, HALAL_POT, KOSHER_POT, GF, DF, EF, SF, FISH_FREE, CRUST_FREE, MOLLUSC_FREE, NUT_FREE, PEANUT_FREE, SESAME_FREE, CELERY_FREE, MUSTARD_FREE, SULPHITE_FREE, LUPIN_FREE",primavera-estiu-tardor
sardines,Peix,"P, PF, BF, AF, HALAL_POT, KOSHER_POT, GF, DF, EF, SF, CRUST_FREE, MOLLUSC_FREE, NUT_FREE, PEANUT_FREE, SESAME_FREE, CELERY_FREE, MUSTARD_FREE, SULPHITE_FREE, LUPIN_FREE",estiu
musclos,Mol·luscs,"P, PF, BF, AF, HALAL_POT, GF, DF, EF, SF, FISH_FREE, CRUST_FREE, NUT_FREE, PEANUT_FREE, SESAME_FREE, CELERY_FREE, MUSTARD_FREE, SULPHITE_FREE, LUPIN_FREE",primavera-estiu
tomàquet madur,-,"VG, V, P, PF, BF, AF, HALAL_POT, KOSHER_POT, GF, DF, EF, SF, FISH_FREE, CRUST_FREE, MOLLUSC_FREE, NUT_FREE, PEANUT_FREE, SESAME_FREE, CELERY_FREE, MUSTARD_FREE, SULPHITE_FREE, LUPIN_FREE",estiu-tardor
ceba de figueres,-,"VG, V, P, PF, BF, AF, HALAL_POT, KOSHER_POT, GF, DF, EF, SF, FISH_FREE, CRUST_FREE, MOLLUSC_FREE, NUT_FREE, PEANUT_FREE, SESAME_FREE, CELERY_FREE, MUSTARD_FREE, SULPHITE_FREE, LUPIN_FREE",totes
botifarra,-,"BF, AF, GF, DF, EF, SF, FISH_FREE, CRUST_FREE, MOLLUSC_FREE, NUT_FREE, PEANUT_FREE, SESAME_FREE, CELERY_FREE, MUSTARD_FREE, SULPHITE_FREE, LUPIN_FREE",totes
patata al caliu,-,"VG, V, P, PF, BF, AF, HALAL_POT, KOSHER_POT, GF, DF, EF, SF, FISH_FREE, CRUST_FREE, MOLLUSC_FREE, NUT_FREE, PEANUT_FREE, SESAME_FREE, CELERY_FREE, MUSTARD_FREE, SULPHITE_FREE, LUPIN_FREE",totes
llenguado en filets,Peix,"P, PF, BF, AF, HALAL_POT, KOSHER_POT, GF, DF, EF, SF, CRUST_FREE, MOLLUSC_FREE, NUT_FREE, PEANUT_FREE, SESAME_FREE, CELERY_FREE, MUSTARD_FREE, SULPHITE_FREE, LUPIN_FREE",totes
daurada,Peix,"P, PF, BF, AF, HALAL_POT, KOSHER_POT, GF, DF, EF, SF, CRUST_FREE, MOLLUSC_FREE, NUT_FREE, PEANUT_FREE, SESAME_FREE, CELERY_FREE, MUSTARD_FREE, SULPHITE_FREE, LUPIN_FREE",totes
ous,Ous,"V, P, PF, BF, AF, HALAL_POT, KOSHER_POT, GF, DF, SF, FISH_FREE, CRUST_FREE, MOLLUSC_FREE, NUT_FREE, PEANUT_FREE, SESAME_FREE, CELERY_FREE, MUSTARD_FREE, SULPHITE_FREE, LUPIN_FREE",totes
sal grossa,-,"VG, V, P, PF, BF, AF, HALAL_POT, KOSHER_POT, GF, DF, EF, SF, FISH_FREE, CRUST_FREE, MOLLUSC_FREE, NUT_FREE, PEANUT_FREE, SESAME_FREE, CELERY_FREE, MUSTARD_FREE, SULPHITE_FREE, LUPIN_FREE",totes
sèsam,Sèsam,"VG, V, P, PF, BF, AF, HALAL_POT, KOSHER_POT, GF, DF, EF, SF, FISH_FREE, CRUST_FREE, MOLLUSC_FREE, NUT_FREE, PEANUT_FREE, CELERY_FREE, MUSTARD_FREE, SULPHITE_FREE, LUPIN_FREE",totes
salsa de soja,Soja,"VG, V, P, PF, BF, AF, HALAL_POT, KOSHER_POT, GF, DF, EF, FISH_FREE, CRUST_FREE, MOLLUSC_FREE, NUT_FREE, PEANUT_FREE, SESAME_FREE, CELERY_FREE, MUSTARD_FREE, SULPHITE_FREE, LUPIN_FREE",totes
pasta de caneló,Gluten,"VG, V, P, PF, BF, AF, HALAL_POT, KOSHER_POT, DF, EF, SF, FISH_FREE, CRUST_FREE, MOLLUSC_FREE, NUT_FREE, PEANUT_FREE, SESAME_FREE, CELERY_FREE, MUSTARD_FREE, SULPHITE_FREE, LUPIN_FREE",totes
carn de rostit,-,"VG, V, P, PF, BF, AF, HALAL_POT, KOSHER_POT, GF, DF, EF, SF, FISH_FREE, CRUST_FREE, MOLLUSC_FREE, NUT_FREE, PEANUT_FREE, SESAME_FREE, CELERY_FREE, MUSTARD_FREE, SULPHITE_FREE, LUPIN_FREE",totes
nou moscada,-,"VG, V, P, PF, BF, AF, HALAL_POT, KOSHER_POT, GF, DF, EF, SF, FISH_FREE, CRUST_FREE, MOLLUSC_FREE, NUT_FREE, PEANUT_FREE, SESAME_FREE, CELERY_FREE, MUSTARD_FREE, SULPHITE_FREE, LUPIN_FREE",totes
peix blanc,Peix,"P, PF, BF, AF, HALAL_POT, KOSHER_POT, GF, DF, EF, SF, CRUST_FREE, MOLLUSC_FREE, NUT_FREE, PEANUT_FREE, SESAME_FREE, CELERY_FREE, MUSTARD_FREE, SULPHITE_FREE, LUPIN_FREE",totes
alls,-,"VG, V, P, PF, BF, AF, HALAL_POT, KOSHER_POT, GF, DF, EF, SF, FISH_FREE, CRUST_FREE, MOLLUSC_FREE, NUT_FREE, PEANUT_FREE, SESAME_FREE, CELERY_FREE, MUSTARD_FREE, SULPHITE_FREE, LUPIN_FREE",totes
costella,-,"BF, AF, GF, DF, EF, SF, FISH_FREE, CRUST_FREE, MOLLUSC_FREE, NUT_FREE, PEANUT_FREE, SESAME_FREE, CELERY_FREE, MUSTARD_FREE, SULPHITE_FREE, LUPIN_FREE",totes
salsitxa,-,"BF, AF, GF, DF, EF, SF, FISH_FREE, CRUST_FREE, MOLLUSC_FREE, NUT_FREE, PEANUT_FREE, SESAME_FREE, CELERY_FREE, MUSTARD_FREE, SULPHITE_FREE, LUPIN_FREE",totes
sípia,Mol·luscs,"P, PF, BF, AF, HALAL_POT, GF, DF, EF, SF, FISH_FREE, CRUST_FREE, NUT_FREE, PEANUT_FREE, SESAME_FREE, CELERY_FREE, MUSTARD_FREE, SULPHITE_FREE, LUPIN_FREE",totes
cloïsses,Mol·luscs,"P, PF, BF, AF, HALAL_POT, GF, DF, EF, SF, FISH_FREE, CRUST_FREE, NUT_FREE, PEANUT_FREE, SESAME_FREE, CELERY_FREE, MUSTARD_FREE, SULPHITE_FREE, LUPIN_FREE",primavera-estiu
ànec,-,"PF, BF, AF, HALAL_POT, KOSHER_POT, GF, DF, EF, SF, FISH_FREE, CRUST_FREE, MOLLUSC_FREE, NUT_FREE, PEANUT_FREE, SESAME_FREE, CELERY_FREE, MUSTARD_FREE, SULPHITE_FREE, LUPIN_FREE",totes
pera,-,"VG, V, P, PF, BF, AF, HALAL_POT, KOSHER_POT, GF, DF, EF, SF, FISH_FREE, CRUST_FREE, MOLLUSC_FREE, NUT_FREE, PEANUT_FREE, SESAME_FREE, CELERY_FREE, MUSTARD_FREE, SULPHITE_FREE, LUPIN_FREE",tardor-hivern-primavera
musclo,Mol·luscs,"P, PF, BF, AF, HALAL_POT, GF, DF, EF, SF, FISH_FREE, CRUST_FREE, NUT_FREE, PEANUT_FREE, SESAME_FREE, CELERY_FREE, MUSTARD_FREE, SULPHITE_FREE, LUPIN_FREE",primavera-estiu
calamars,Mol·luscs,"P, PF, BF, AF, HALAL_POT, GF, DF, EF, SF, FISH_FREE, CRUST_FREE, NUT_FREE, PEANUT_FREE, SESAME_FREE, CELERY_FREE, MUSTARD_FREE, SULPHITE_FREE, LUPIN_FREE",totes
mandonguilles de vedella,-,"PF, AF, HALAL_POT, KOSHER_POT, GF, DF, EF, SF, FISH_FREE, CRUST_FREE, MOLLUSC_FREE, NUT_FREE, PEANUT_FREE, SESAME_FREE, CELERY_FREE, MUSTARD_FREE, SULPHITE_FREE, LUPIN_FREE",totes
herbes,-,"VG, V, P, PF, BF, AF, HALAL_POT, KOSHER_POT, GF, DF, EF, SF, FISH_FREE, CRUST_FREE, MOLLUSC_FREE, NUT_FREE, PEANUT_FREE, SESAME_FREE, CELERY_FREE, MUSTARD_FREE, SULPHITE_FREE, LUPIN_FREE",primavera-estiu-tardor
mongeta seca,-,"VG, V, P, PF, BF, AF, HALAL_POT, KOSHER_POT, GF, DF, EF, SF, FISH_FREE, CRUST_FREE, MOLLUSC_FREE, NUT_FREE, PEANUT_FREE, SESAME_FREE, CELERY_FREE, MUSTARD_FREE, SULPHITE_FREE, LUPIN_FREE",tardor-hivern
escamarlans,Crustacis,"P, PF, BF, AF, HALAL_POT, GF, DF, EF, SF, FISH_FREE, MOLLUSC_FREE, NUT_FREE, PEANUT_FREE, SESAME_FREE, CELERY_FREE, MUSTARD_FREE, SULPHITE_FREE, LUPIN_FREE",primavera-estiu
brandi,-,"VG, V, P, PF, BF, KOSHER_POT, GF, DF, EF, SF, FISH_FREE, CRUST_FREE, MOLLUSC_FREE, NUT_FREE, PEANUT_FREE, SESAME_FREE, CELERY_FREE, MUSTARD_FREE, SULPHITE_FREE, LUPIN_FREE",totes
conill,-,"PF, BF, AF, HALAL_POT, KOSHER_POT, GF, DF, EF, SF, FISH_FREE, CRUST_FREE, MOLLUSC_FREE, NUT_FREE, PEANUT_FREE, SESAME_FREE, CELERY_FREE, MUSTARD_FREE, SULPHITE_FREE, LUPIN_FREE",totes
brou,-,"VG, V, P, PF, BF, AF, HALAL_POT, KOSHER_POT, GF, DF, EF, SF, FISH_FREE, CRUST_FREE, MOLLUSC_FREE, NUT_FREE, PEANUT_FREE, SESAME_FREE, CELERY_FREE, MUSTARD_FREE, SULPHITE_FREE, LUPIN_FREE",totes
vi ranci,-,"VG, V, P, PF, BF, KOSHER_POT, GF, DF, EF, SF, FISH_FREE, CRUST_FREE, MOLLUSC_FREE, NUT_FREE, PEANUT_FREE, SESAME_FREE, CELERY_FREE, MUSTARD_FREE, SULPHITE_FREE, LUPIN_FREE",totes
carns variades de l'escudella,-,"VG, V, P, PF, BF, AF, HALAL_POT, KOSHER_POT, GF, DF, EF, SF, FISH_FREE, CRUST_FREE, MOLLUSC_FREE, NUT_FREE, PEANUT_FREE, SESAME_FREE, CELERY_FREE, MUSTARD_FREE, SULPHITE_FREE, LUPIN_FREE",totes
porc senglar,-,"BF, AF, GF, DF, EF, SF, FISH_FREE, CRUST_FREE, MOLLUSC_FREE, NUT_FREE, PEANUT_FREE, SESAME_FREE, CELERY_FREE, MUSTARD_FREE, SULPHITE_FREE, LUPIN_FREE",tardor-hivern
xocolata (punt),-,"VG, V, P, PF, BF, AF, HALAL_POT, KOSHER_POT, GF, DF, EF, SF, FISH_FREE, CRUST_FREE, MOLLUSC_FREE, NUT_FREE, PEANUT_FREE, SESAME_FREE, CELERY_FREE, MUSTARD_FREE, SULPHITE_FREE, LUPIN_FREE",totes
pèsols,-,"VG, V, P, PF, BF, AF, HALAL_POT, KOSHER_POT, GF, DF, EF, SF, FISH_FREE, CRUST_FREE, MOLLUSC_FREE, NUT_FREE, PEANUT_FREE, SESAME_FREE, CELERY_FREE, MUSTARD_FREE, SULPHITE_FREE, LUPIN_FREE",primavera
safrà,-,"VG, V, P, PF, BF, AF, HALAL_POT, KOSHER_POT, GF, DF, EF, SF, FISH_FREE, CRUST_FREE, MOLLUSC_FREE, NUT_FREE, PEANUT_FREE, SESAME_FREE, CELERY_FREE, MUSTARD_FREE, SULPHITE_FREE, LUPIN_FREE",tardor
tripa de vedella,-,"PF, AF, HALAL_POT, KOSHER_POT, GF, DF, EF, SF, FISH_FREE, CRUST_FREE, MOLLUSC_FREE, NUT_FREE, PEANUT_FREE, SESAME_FREE, CELERY_FREE, MUSTARD_FREE, SULPHITE_FREE, LUPIN_FREE",totes
xoriço,-,"PF, BF, AF, HALAL_POT, KOSHER_POT, GF, DF, EF, SF, FISH_FREE, CRUST_FREE, MOLLUSC_FREE, NUT_FREE, PEANUT_FREE, SESAME_FREE, CELERY_FREE, MUSTARD_FREE, SULPHITE_FREE, LUPIN_FREE",totes
cigrons (opcional),-,"VG, V, P, PF, BF, AF, HALAL_POT, KOSHER_POT, GF, DF, EF, SF, FISH_FREE, CRUST_FREE, MOLLUSC_FREE, NUT_FREE, PEANUT_FREE, SESAME_FREE, CELERY_FREE, MUSTARD_FREE, SULPHITE_FREE, LUPIN_FREE",totes
mozzarella,Llet,"V, P, PF, BF, AF, HALAL_POT, KOSHER_POT, GF, EF, SF, FISH_FREE, CRUST_FREE, MOLLUSC_FREE, NUT_FREE, PEANUT_FREE, SESAME_FREE, CELERY_FREE, MUSTARD_FREE, SULPHITE_FREE, LUPIN_FREE",totes
parmesà,Llet,"V, P, PF, BF, AF, HALAL_POT, KOSHER_POT, GF, EF, SF, FISH_FREE, CRUST_FREE, MOLLUSC_FREE, NUT_FREE, PEANUT_FREE, SESAME_FREE, CELERY_FREE, MUSTARD_FREE, SULPHITE_FREE, LUPIN_FREE",totes
alfàbrega,-,"VG, V, P, PF, BF, AF, HALAL_POT, KOSHER_POT, GF, DF, EF, SF, FISH_FREE, CRUST_FREE, MOLLUSC_FREE, NUT_FREE, PEANUT_FREE, SESAME_FREE, CELERY_FREE, MUSTARD_FREE, SULPHITE_FREE, LUPIN_FREE",estiu
pasta de lasanya,Gluten,"VG, V, P, PF, BF, AF, HALAL_POT, KOSHER_POT, DF, EF, SF, FISH_FREE, CRUST_FREE, MOLLUSC_FREE, NUT_FREE, PEANUT_FREE, SESAME_FREE, CELERY_FREE, MUSTARD_FREE, SULPHITE_FREE, LUPIN_FREE",totes
arròs arborio,-,"VG, V, P, PF, BF, AF, HALAL_POT, KOSHER_POT, GF, DF, EF, SF, FISH_FREE, CRUST_FREE, MOLLUSC_FREE, NUT_FREE, PEANUT_FREE, SESAME_FREE, CELERY_FREE, MUSTARD_FREE, SULPHITE_FREE, LUPIN_FREE",totes
llagostí,Crustacis,"P, PF, BF, AF, HALAL_POT, GF, DF, EF, SF, FISH_FREE, MOLLUSC_FREE, NUT_FREE, PEANUT_FREE, SESAME_FREE, CELERY_FREE, MUSTARD_FREE, SULPHITE_FREE, LUPIN_FREE",primavera-estiu
escamarlà,Crustacis,"P, PF, BF, AF, HALAL_POT, GF, DF, EF, SF, FISH_FREE, MOLLUSC_FREE, NUT_FREE, PEANUT_FREE, SESAME_FREE, CELERY_FREE, MUSTARD_FREE, SULPHITE_FREE, LUPIN_FREE",primavera-estiu
peix de roca,Peix,"P, PF, BF, AF, HALAL_POT, KOSHER_POT, GF, DF, EF, SF, CRUST_FREE, MOLLUSC_FREE, NUT_FREE, PEANUT_FREE, SESAME_FREE, CELERY_FREE, MUSTARD_FREE, SULPHITE_FREE, LUPIN_FREE",estiu
pollastre tallat,-,"PF, BF, AF, HALAL_POT, KOSHER_POT, GF, DF, EF, SF, FISH_FREE, CRUST_FREE, MOLLUSC_FREE, NUT_FREE, PEANUT_FREE, SESAME_FREE, CELERY_FREE, MUSTARD_FREE, SULPHITE_FREE, LUPIN_FREE",totes
cervesa,Gluten,"VG, V, P, PF, BF, KOSHER_POT, DF, EF, SF, FISH_FREE, CRUST_FREE, MOLLUSC_FREE, NUT_FREE, PEANUT_FREE, SESAME_FREE, CELERY_FREE, MUSTARD_FREE, SULPHITE_FREE, LUPIN_FREE",totes
corder,-,"PF, BF, AF, HALAL_POT, KOSHER_POT, GF, DF, EF, SF, FISH_FREE, CRUST_FREE, MOLLUSC_FREE, NUT_FREE, PEANUT_FREE, SESAME_FREE, CELERY_FREE, MUSTARD_FREE, SULPHITE_FREE, LUPIN_FREE",totes
vedella picada,-,"PF, AF, HALAL_POT, KOSHER_POT, GF, DF, EF, SF, FISH_FREE, CRUST_FREE, MOLLUSC_FREE, NUT_FREE, PEANUT_FREE, SESAME_FREE, CELERY_FREE, MUSTARD_FREE, SULPHITE_FREE, LUPIN_FREE",totes
pa artesà,Gluten,"VG, V, P, PF, BF, AF, HALAL_POT, KOSHER_POT, DF, EF, SF, FISH_FREE, CRUST_FREE, MOLLUSC_FREE, NUT_FREE, PEANUT_FREE, SESAME_FREE, CELERY_FREE, MUSTARD_FREE, SULPHITE_FREE, LUPIN_FREE",totes
ceba confitada,-,"VG, V, P, PF, BF, AF, HALAL_POT, KOSHER_POT, GF, DF, EF, SF, FISH_FREE, CRUST_FREE, MOLLUSC_FREE, NUT_FREE, PEANUT_FREE, SESAME_FREE, CELERY_FREE, MUSTARD_FREE, SULPHITE_FREE, LUPIN_FREE",totes
enciams,-,"VG, V, P, PF, BF, AF, HALAL_POT, KOSHER_POT, GF, DF, EF, SF, FISH_FREE, CRUST_FREE, MOLLUSC_FREE, NUT_FREE, PEANUT_FREE, SESAME_FREE, CELERY_FREE, MUSTARD_FREE, SULPHITE_FREE, LUPIN_FREE",primavera-estiu-tardor
salsa,-,"VG, V, P, PF, BF, AF, HALAL_POT, KOSHER_POT, GF, DF, EF, SF, FISH_FREE, CRUST_FREE, MOLLUSC_FREE, NUT_FREE, PEANUT_FREE, SESAME_FREE, CELERY_FREE, MUSTARD_FREE, SULPHITE_FREE, LUPIN_FREE",totes
gall dindi,-,"PF, BF, AF, HALAL_POT, KOSHER_POT, GF, DF, EF, SF, FISH_FREE, CRUST_FREE, MOLLUSC_FREE, NUT_FREE, PEANUT_FREE, SESAME_FREE, CELERY_FREE, MUSTARD_FREE, SULPHITE_FREE, LUPIN_FREE",totes
moniato,-,"VG, V, P, PF, BF, AF, HALAL_POT, KOSHER_POT, GF, DF, EF, SF, FISH_FREE, CRUST_FREE, MOLLUSC_FREE, NUT_FREE, PEANUT_FREE, SESAME_FREE, CELERY_FREE, MUSTARD_FREE, SULPHITE_FREE, LUPIN_FREE",tardor
coco,-,"VG, V, P, PF, BF, AF, HALAL_POT, KOSHER_POT, GF, DF, EF, SF, FISH_FREE, CRUST_FREE, MOLLUSC_FREE, NUT_FREE, PEANUT_FREE, SESAME_FREE, CELERY_FREE, MUSTARD_FREE, SULPHITE_FREE, LUPIN_FREE",totes
xocolata,-,"VG, V, P, PF, BF, AF, HALAL_POT, KOSHER_POT, GF, DF, EF, SF, FISH_FREE, CRUST_FREE, MOLLUSC_FREE, NUT_FREE, PEANUT_FREE, SESAME_FREE, CELERY_FREE, MUSTARD_FREE, SULPHITE_FREE, LUPIN_FREE",totes
iogurt,Llet,"V, P, PF, BF, AF, HALAL_POT, KOSHER_POT, GF, EF, SF, FISH_FREE, CRUST_FREE, MOLLUSC_FREE, NUT_FREE, PEANUT_FREE, SESAME_FREE, CELERY_FREE, MUSTARD_FREE, SULPHITE_FREE, LUPIN_FREE",totes
ametlla laminada,Fruits secs,"VG, V, P, PF, BF, AF, HALAL_POT, KOSHER_POT, GF, DF, EF, SF, FISH_FREE, CRUST_FREE, MOLLUSC_FREE, PEANUT_FREE, SESAME_FREE, CELERY_FREE, MUSTARD_FREE, SULPHITE_FREE, LUPIN_FREE",tardor-hivern
clara d'ou,Ous,"V, P, PF, BF, AF, HALAL_POT, KOSHER_POT, GF, DF, SF, FISH_FREE, CRUST_FREE, MOLLUSC_FREE, NUT_FREE, PEANUT_FREE, SESAME_FREE, CELERY_FREE, MUSTARD_FREE, SULPHITE_FREE, LUPIN_FREE",totes
bescuit,-,"VG, V, P, PF, BF, AF, HALAL_POT, KOSHER_POT, GF, DF, EF, SF, FISH_FREE, CRUST_FREE, MOLLUSC_FREE, NUT_FREE, PEANUT_FREE, SESAME_FREE, CELERY_FREE, MUSTARD_FREE, SULPHITE_FREE, LUPIN_FREE",totes
melindros,-,"VG, V, P, PF, BF, AF, HALAL_POT, KOSHER_POT, GF, DF, EF, SF, FISH_FREE, CRUST_FREE, MOLLUSC_FREE, NUT_FREE, PEANUT_FREE, SESAME_FREE, CELERY_FREE, MUSTARD_FREE, SULPHITE_FREE, LUPIN_FREE",totes
xocolata negra,-,"VG, V, P, PF, BF, AF, HALAL_POT, KOSHER_POT, GF, DF, EF, SF, FISH_FREE, CRUST_FREE, MOLLUSC_FREE, NUT_FREE, PEANUT_FREE, SESAME_FREE, CELERY_FREE, MUSTARD_FREE, SULPHITE_FREE, LUPIN_FREE",totes
massa tipus brioix,Gluten,"VG, V, P, PF, BF, AF, HALAL_POT, KOSHER_POT, DF, EF, SF, FISH_FREE, CRUST_FREE, MOLLUSC_FREE, NUT_FREE, PEANUT_FREE, SESAME_FREE, CELERY_FREE, MUSTARD_FREE, SULPHITE_FREE, LUPIN_FREE",totes
rovells d'ou,Ous,"V, P, PF, BF, AF, HALAL_POT, KOSHER_POT, GF, DF, SF, FISH_FREE, CRUST_FREE, MOLLUSC_FREE, NUT_FREE, PEANUT_FREE, SESAME_FREE, CELERY_FREE, MUSTARD_FREE, SULPHITE_FREE, LUPIN_FREE",totes
midó (opcional),-,"VG, V, P, PF, BF, AF, HALAL_POT, KOSHER_POT, GF, DF, EF, SF, FISH_FREE, CRUST_FREE, MOLLUSC_FREE, NUT_FREE, PEANUT_FREE, SESAME_FREE, CELERY_FREE, MUSTARD_FREE, SULPHITE_FREE, LUPIN_FREE",totes
vainilla,-,"VG, V, P, PF, BF, AF, HALAL_POT, KOSHER_POT, GF, DF, EF, SF, FISH_FREE, CRUST_FREE, MOLLUSC_FREE, NUT_FREE, PEANUT_FREE, SESAME_FREE, CELERY_FREE, MUSTARD_FREE, SULPHITE_FREE, LUPIN_FREE",totes
crema (opcional),Llet,"V, P, PF, BF, AF, HALAL_POT, KOSHER_POT, GF, EF, SF, FISH_FREE, CRUST_FREE, MOLLUSC_FREE, NUT_FREE, PEANUT_FREE, SESAME_FREE, CELERY_FREE, MUSTARD_FREE, SULPHITE_FREE, LUPIN_FREE",totes
llardons,-,"BF, AF, GF, DF, EF, SF, FISH_FREE, CRUST_FREE, MOLLUSC_FREE, NUT_FREE, PEANUT_FREE, SESAME_FREE, CELERY_FREE, MUSTARD_FREE, SULPHITE_FREE, LUPIN_FREE",totes
llevat,-,"VG, V, P, PF, BF, AF, HALAL_POT, KOSHER_POT, GF, DF, EF, SF, FISH_FREE, CRUST_FREE, MOLLUSC_FREE, NUT_FREE, PEANUT_FREE, SESAME_FREE, CELERY_FREE, MUSTARD_FREE, SULPHITE_FREE, LUPIN_FREE",totes
midó,-,"VG, V, P, PF, BF, AF, HALAL_POT, KOSHER_POT, GF, DF, EF, SF, FISH_FREE, CRUST_FREE, MOLLUSC_FREE, NUT_FREE, PEANUT_FREE, SESAME_FREE, CELERY_FREE, MUSTARD_FREE, SULPHITE_FREE, LUPIN_FREE",totes
aigua de flor de taronger,-,"VG, V, P, PF, BF, AF, HALAL_POT, KOSHER_POT, GF, DF, EF, SF, FISH_FREE, CRUST_FREE, MOLLUSC_FREE, NUT_FREE, PEANUT_FREE, SESAME_FREE, CELERY_FREE, MUSTARD_FREE, SULPHITE_FREE, LUPIN_FREE",primavera
rovells,Ous,"V, P, PF, BF, AF, HALAL_POT, KOSHER_POT, GF, DF, SF, FISH_FREE, CRUST_FREE, MOLLUSC_FREE, NUT_FREE, PEANUT_FREE, SESAME_FREE, CELERY_FREE, MUSTARD_FREE, SULPHITE_FREE, LUPIN_FREE",totes
sucre cremat,-,"VG, V, P, PF, BF, AF, HALAL_POT, KOSHER_POT, GF, DF, EF, SF, FISH_FREE, CRUST_FREE, MOLLUSC_FREE, NUT_FREE, PEANUT_FREE, SESAME_FREE, CELERY_FREE, MUSTARD_FREE, SULPHITE_FREE, LUPIN_FREE",totes
mató,-,"VG, V, P, PF, BF, AF, HALAL_POT, KOSHER_POT, GF, DF, EF, SF, FISH_FREE, CRUST_FREE, MOLLUSC_FREE, NUT_FREE, PEANUT_FREE, SESAME_FREE, CELERY_FREE, MUSTARD_FREE, SULPHITE_FREE, LUPIN_FREE",totes
canyella,-,"VG, V, P, PF, BF, AF, HALAL_POT, KOSHER_POT, GF, DF, EF, SF, FISH_FREE, CRUST_FREE, MOLLUSC_FREE, NUT_FREE, PEANUT_FREE, SESAME_FREE, CELERY_FREE, MUSTARD_FREE, SULPHITE_FREE, LUPIN_FREE",totes
gelat de vainilla,-,"V, P, PF, BF, AF, HALAL_POT, KOSHER_POT, GF, DF, EF, SF, FISH_FREE, CRUST_FREE, MOLLUSC_FREE, NUT_FREE, PEANUT_FREE, SESAME_FREE, CELERY_FREE, MUSTARD_FREE, SULPHITE_FREE, LUPIN_FREE",estiu
galeta,Gluten,"VG, V, P, PF, BF, AF, HALAL_POT, KOSHER_POT, DF, EF, SF, FISH_FREE, CRUST_FREE, MOLLUSC_FREE, NUT_FREE, PEANUT_FREE, SESAME_FREE, CELERY_FREE, MUSTARD_FREE, SULPHITE_FREE, LUPIN_FREE",totes
xocolata blanca,-,"VG, V, P, PF, BF, AF, HALAL_POT, KOSHER_POT, GF, DF, EF, SF, FISH_FREE, CRUST_FREE, MOLLUSC_FREE, NUT_FREE, PEANUT_FREE, SESAME_FREE, CELERY_FREE, MUSTARD_FREE, SULPHITE_FREE, LUPIN_FREE",totes
gelatina,-,"P, PF, BF, AF, HALAL_POT, KOSHER_POT, GF, DF, EF, SF, FISH_FREE, CRUST_FREE, MOLLUSC_FREE, NUT_FREE, PEANUT_FREE, SESAME_FREE, CELERY_FREE, MUSTARD_FREE, SULPHITE_FREE, LUPIN_FREE",totes
llonganissa,-,"BF, GF, DF, EF, SF, FISH_FREE, CRUST_FREE, MOLLUSC_FREE, NUT_FREE, PEANUT_FREE, SESAME_FREE, CELERY_FREE, MUSTARD_FREE, SULPHITE_FREE, LUPIN_FREE",totes
formatge crema,Llet,"V, P, PF, BF, AF, HALAL_POT, KOSHER_POT, GF, EF, SF, FISH_FREE, CRUST_FREE, MOLLUSC_FREE, NUT_FREE, PEANUT_FREE, SESAME_FREE, CELERY_FREE, MUSTARD_FREE, SULPHITE_FREE, LUPIN_FREE",totes
gelatina (opcional),-,"P, PF, BF, AF, HALAL_POT, KOSHER_POT, GF, DF, EF, SF, FISH_FREE, CRUST_FREE, MOLLUSC_FREE, NUT_FREE, PEANUT_FREE, SESAME_FREE, CELERY_FREE, MUSTARD_FREE, SULPHITE_FREE, LUPIN_FREE",totes
fruits vermells,-,"VG, V, P, PF, BF, AF, HALAL_POT, KOSHER_POT, GF, DF, EF, SF, FISH_FREE, CRUST_FREE, MOLLUSC_FREE, NUT_FREE, PEANUT_FREE, SESAME_FREE, CELERY_FREE, MUSTARD_FREE, SULPHITE_FREE, LUPIN_FREE",primavera-estiu
cava,-,"VG, V, P, PF, BF, KOSHER_POT, GF, DF, EF, SF, FISH_FREE, CRUST_FREE, MOLLUSC_FREE, NUT_FREE, PEANUT_FREE, SESAME_FREE, CELERY_FREE, MUSTARD_FREE, SULPHITE_FREE, LUPIN_FREE",totes
fruites,-,"VG, V, P, PF, BF, AF, HALAL_POT, KOSHER_POT, GF, DF, EF, SF, FISH_FREE, CRUST_FREE, MOLLUSC_FREE, NUT_FREE, PEANUT_FREE, SESAME_FREE, CELERY_FREE, MUSTARD_FREE, SULPHITE_FREE, LUPIN_FREE",primavera-estiu-tardor
clares muntades,Ous,"V, P, PF, BF, AF, HALAL_POT, KOSHER_POT, GF, DF, SF, FISH_FREE, CRUST_FREE, MOLLUSC_FREE, NUT_FREE, PEANUT_FREE, SESAME_FREE, CELERY_FREE, MUSTARD_FREE, SULPHITE_FREE, LUPIN_FREE",totes
mel de romaní,-,"V, P, PF, BF, KOSHER_POT, GF, DF, EF, SF, FISH_FREE, CRUST_FREE, MOLLUSC_FREE, NUT_FREE, PEANUT_FREE, SESAME_FREE, CELERY_FREE, MUSTARD_FREE, SULPHITE_FREE, LUPIN_FREE",primavera
peres,-,"VG, V, P, PF, BF, AF, HALAL_POT, KOSHER_POT, GF, DF, EF, SF, FISH_FREE, CRUST_FREE, MOLLUSC_FREE, NUT_FREE, PEANUT_FREE, SESAME_FREE, CELERY_FREE, MUSTARD_FREE, SULPHITE_FREE, LUPIN_FREE",tardor-hivern-primavera
pell de taronja,-,"VG, V, P, PF, BF, AF, HALAL_POT, KOSHER_POT, GF, DF, EF, SF, FISH_FREE, CRUST_FREE, MOLLUSC_FREE, NUT_FREE, PEANUT_FREE, SESAME_FREE, CELERY_FREE, MUSTARD_FREE, SULPHITE_FREE, LUPIN_FREE",tardor-hivern-primavera
poma,-,"VG, V, P, PF, BF, AF, HALAL_POT, KOSHER_POT, GF, DF, EF, SF, FISH_FREE, CRUST_FREE, MOLLUSC_FREE, NUT_FREE, PEANUT_FREE, SESAME_FREE, CELERY_FREE, MUSTARD_FREE, SULPHITE_FREE, LUPIN_FREE",tardor-hivern-primavera
nous (opcional),Fruits secs,"VG, V, P, PF, BF, AF, HALAL_POT, KOSHER_POT, GF, DF, EF, SF, FISH_FREE, CRUST_FREE, MOLLUSC_FREE, PEANUT_FREE, SESAME_FREE, CELERY_FREE, MUSTARD_FREE, SULPHITE_FREE, LUPIN_FREE",tardor-hivern
fruits secs,Fruits secs,"VG, V, P, PF, BF, AF, HALAL_POT, KOSHER_POT, GF, DF, EF, SF, FISH_FREE, CRUST_FREE, MOLLUSC_FREE, PEANUT_FREE, SESAME_FREE, CELERY_FREE, MUSTARD_FREE, SULPHITE_FREE, LUPIN_FREE",tardor-hivern
moscatell,-,"VG, V, P, PF, BF, KOSHER_POT, GF, DF, EF, SF, FISH_FREE, CRUST_FREE, MOLLUSC_FREE, NUT_FREE, PEANUT_FREE, SESAME_FREE, CELERY_FREE, MUSTARD_FREE, SULPHITE_FREE, LUPIN_FREE",totes
pell de llimona,-,"VG, V, P, PF, BF, AF, HALAL_POT, KOSHER_POT, GF, DF, EF, SF, FISH_FREE, CRUST_FREE, MOLLUSC_FREE, NUT_FREE, PEANUT_FREE, SESAME_FREE, CELERY_FREE, MUSTARD_FREE, SULPHITE_FREE, LUPIN_FREE",tardor-hivern-primavera
castanya,Fruits secs,"VG, V, P, PF, BF, AF, HALAL_POT, KOSHER_POT, GF, DF, EF, SF, FISH_FREE, CRUST_FREE, MOLLUSC_FREE, PEANUT_FREE, SESAME_FREE, CELERY_FREE, MUSTARD_FREE, SULPHITE_FREE, LUPIN_FREE",tardor
anís,-,"VG, V, P, PF, BF, KOSHER_POT, GF, DF, EF, SF, FISH_FREE, CRUST_FREE, MOLLUSC_FREE, NUT_FREE, PEANUT_FREE, SESAME_FREE, CELERY_FREE, MUSTARD_FREE, SULPHITE_FREE, LUPIN_FREE",totes
merenga,-,"V, P, PF, BF, AF, HALAL_POT, KOSHER_POT, GF, DF, EF, SF, FISH_FREE, CRUST_FREE, MOLLUSC_FREE, NUT_FREE, PEANUT_FREE, SESAME_FREE, CELERY_FREE, MUSTARD_FREE, SULPHITE_FREE, LUPIN_FREE",totes
cacau,-,"VG, V, P, PF, BF, AF, HALAL_POT, KOSHER_POT, GF, DF, EF, SF, FISH_FREE, CRUST_FREE, MOLLUSC_FREE, NUT_FREE, PEANUT_FREE, SESAME_FREE, CELERY_FREE, MUSTARD_FREE, SULPHITE_FREE, LUPIN_FREE",totes
coco ratllat,-,"VG, V, P, PF, BF, AF, HALAL_POT, KOSHER_POT, GF, DF, EF, SF, FISH_FREE, CRUST_FREE, MOLLUSC_FREE, NUT_FREE, PEANUT_FREE, SESAME_FREE, CELERY_FREE, MUSTARD_FREE, SULPHITE_FREE, LUPIN_FREE",totes
massa,Gluten,"VG, V, P, PF, BF, AF, HALAL_POT, KOSHER_POT, DF, EF, SF, FISH_FREE, CRUST_FREE, MOLLUSC_FREE, NUT_FREE, PEANUT_FREE, SESAME_FREE, CELERY_FREE, MUSTARD_FREE, SULPHITE_FREE, LUPIN_FREE",totes
cabell d'àngel,-,"VG, V, P, PF, BF, AF, HALAL_POT, KOSHER_POT, GF, DF, EF, SF, FISH_FREE, CRUST_FREE, MOLLUSC_FREE, NUT_FREE, PEANUT_FREE, SESAME_FREE, CELERY_FREE, MUSTARD_FREE, SULPHITE_FREE, LUPIN_FREE",tardor
codonyat,-,"VG, V, P, PF, BF, AF, HALAL_POT, KOSHER_POT, GF, DF, EF, SF, FISH_FREE, CRUST_FREE, MOLLUSC_FREE, NUT_FREE, PEANUT_FREE, SESAME_FREE, CELERY_FREE, MUSTARD_FREE, SULPHITE_FREE, LUPIN_FREE",tardor
ametlla torrada,Fruits secs,"VG, V, P, PF, BF, AF, HALAL_POT, KOSHER_POT, GF, DF, EF, SF, FISH_FREE, CRUST_FREE, MOLLUSC_FREE, PEANUT_FREE, SESAME_FREE, CELERY_FREE, MUSTARD_FREE, SULPHITE_FREE, LUPIN_FREE",tardor-hivern
praliné,Fruits secs,"VG, V, P, PF, BF, AF, HALAL_POT, KOSHER_POT, GF, DF, EF, SF, FISH_FREE, CRUST_FREE, MOLLUSC_FREE, PEANUT_FREE, SESAME_FREE, CELERY_FREE, MUSTARD_FREE, SULPHITE_FREE, LUPIN_FREE",totes
licor,-,"VG, V, P, PF, BF, KOSHER_POT, GF, DF, EF, SF, FISH_FREE, CRUST_FREE, MOLLUSC_FREE, NUT_FREE, PEANUT_FREE, SESAME_FREE, CELERY_FREE, MUSTARD_FREE, SULPHITE_FREE, LUPIN_FREE",totes
rovell d'ou,Ous,"V, P, PF, BF, AF, HALAL_POT, KOSHER_POT, GF, DF, SF, FISH_FREE, CRUST_FREE, MOLLUSC_FREE, NUT_FREE, PEANUT_FREE, SESAME_FREE, CELERY_FREE, MUSTARD_FREE, SULPHITE_FREE, LUPIN_FREE",totes
flam,-,"VG, V, P, PF, BF, AF, HALAL_POT, KOSHER_POT, GF, DF, EF, SF, FISH_FREE, CRUST_FREE, MOLLUSC_FREE, NUT_FREE, PEANUT_FREE, SESAME_FREE, CELERY_FREE, MUSTARD_FREE, SULPHITE_FREE, LUPIN_FREE",totes
préssec en almívar,-,"VG, V, P, PF, BF, AF, HALAL_POT, KOSHER_POT, GF, DF, EF, SF, FISH_FREE, CRUST_FREE, MOLLUSC_FREE, NUT_FREE, PEANUT_FREE, SESAME_FREE, CELERY_FREE, MUSTARD_FREE, SULPHITE_FREE, LUPIN_FREE",estiu
pinya,-,"VG, V, P, PF, BF, AF, HALAL_POT, KOSHER_POT, GF, DF, EF, SF, FISH_FREE, CRUST_FREE, MOLLUSC_FREE, NUT_FREE, PEANUT_FREE, SESAME_FREE, CELERY_FREE, MUSTARD_FREE, SULPHITE_FREE, LUPIN_FREE",estiu
meló madur,-,"VG, V, P, PF, BF, AF, HALAL_POT, KOSHER_POT, GF, DF, EF, SF, FISH_FREE, CRUST_FREE, MOLLUSC_FREE, NUT_FREE, PEANUT_FREE, SESAME_FREE, CELERY_FREE, MUSTARD_FREE, SULPHITE_FREE, LUPIN_FREE",estiu
crema,Llet,"V, P, PF, BF, AF, HALAL_POT, KOSHER_POT, GF, EF, SF, FISH_FREE, CRUST_FREE, MOLLUSC_FREE, NUT_FREE, PEANUT_FREE, SESAME_FREE, CELERY_FREE, MUSTARD_FREE, SULPHITE_FREE, LUPIN_FREE",totes
brioche,Gluten,"VG, V, P, PF, BF, AF, HALAL_POT, KOSHER_POT, DF, EF, SF, FISH_FREE, CRUST_FREE, MOLLUSC_FREE, NUT_FREE, PEANUT_FREE, SESAME_FREE, CELERY_FREE, MUSTARD_FREE, SULPHITE_FREE, LUPIN_FREE",totes
fruita confitada,-,"VG, V, P, PF, BF, AF, HALAL_POT, KOSHER_POT, GF, DF, EF, SF, FISH_FREE, CRUST_FREE, MOLLUSC_FREE, NUT_FREE, PEANUT_FREE, SESAME_FREE, CELERY_FREE, MUSTARD_FREE, SULPHITE_FREE, LUPIN_FREE",totes
bescuit de cacau,-,"VG, V, P, PF, BF, AF, HALAL_POT, KOSHER_POT, GF, DF, EF, SF, FISH_FREE, CRUST_FREE, MOLLUSC_FREE, NUT_FREE, PEANUT_FREE, SESAME_FREE, CELERY_FREE, MUSTARD_FREE, SULPHITE_FREE, LUPIN_FREE",totes
melmelada d'albercoc,-,"VG, V, P, PF, BF, AF, HALAL_POT, KOSHER_POT, GF, DF, EF, SF, FISH_FREE, CRUST_FREE, MOLLUSC_FREE, NUT_FREE, PEANUT_FREE, SESAME_FREE, CELERY_FREE, MUSTARD_FREE, SULPHITE_FREE, LUPIN_FREE",estiu
xocolata calenta,-,"VG, V, P, PF, BF, AF, HALAL_POT, KOSHER_POT, GF, DF, EF, SF, FISH_FREE, CRUST_FREE, MOLLUSC_FREE, NUT_FREE, PEANUT_FREE, SESAME_FREE, CELERY_FREE, MUSTARD_FREE, SULPHITE_FREE, LUPIN_FREE",hivern
llet condensada,Llet,"V, P, PF, BF, AF, HALAL_POT, KOSHER_POT, GF, EF, SF, FISH_FREE, CRUST_FREE, MOLLUSC_FREE, NUT_FREE, PEANUT_FREE, SESAME_FREE, CELERY_FREE, MUSTARD_FREE, SULPHITE_FREE, LUPIN_FREE",totes
fruita variada de temporada,-,"VG, V, P, PF, BF, AF, HALAL_POT, KOSHER_POT, GF, DF, EF, SF, FISH_FREE, CRUST_FREE, MOLLUSC_FREE, NUT_FREE, PEANUT_FREE, SESAME_FREE, CELERY_FREE, MUSTARD_FREE, SULPHITE_FREE, LUPIN_FREE",primavera-estiu-tardor
pa del dia abans,Gluten,"VG, V, P, PF, BF, AF, HALAL_POT, KOSHER_POT, DF, EF, SF, FISH_FREE, CRUST_FREE, MOLLUSC_FREE, NUT_FREE, PEANUT_FREE, SESAME_FREE, CELERY_FREE, MUSTARD_FREE, SULPHITE_FREE, LUPIN_FREE",totes
carbassa,-,"VG, V, P, PF, BF, AF, HALAL_POT, KOSHER_POT, GF, DF, EF, SF, FISH_FREE, CRUST_FREE, MOLLUSC_FREE, NUT_FREE, PEANUT_FREE, SESAME_FREE, CELERY_FREE, MUSTARD_FREE, SULPHITE_FREE, LUPIN_FREE",tardor-hivern
ricotta,Llet,"V, P, PF, BF, AF, HALAL_POT, KOSHER_POT, GF, EF, SF, FISH_FREE, CRUST_FREE, MOLLUSC_FREE, NUT_FREE, PEANUT_FREE, SESAME_FREE, CELERY_FREE, MUSTARD_FREE, SULPHITE_FREE, LUPIN_FREE",totes
sàlvia,-,"VG, V, P, PF, BF, AF, HALAL_POT, KOSHER_POT, GF, DF, EF, SF, FISH_FREE, CRUST_FREE, MOLLUSC_FREE, NUT_FREE, PEANUT_FREE, SESAME_FREE, CELERY_FREE, MUSTARD_FREE, SULPHITE_FREE, LUPIN_FREE",primavera-estiu-tardor
poma verda,-,"VG, V, P, PF, BF, AF, HALAL_POT, KOSHER_POT, GF, DF, EF, SF, FISH_FREE, CRUST_FREE, MOLLUSC_FREE, NUT_FREE, PEANUT_FREE, SESAME_FREE, CELERY_FREE, MUSTARD_FREE, SULPHITE_FREE, LUPIN_FREE",tardor-hivern-primavera
llenties cuites,-,"VG, V, P, PF, BF, AF, HALAL_POT, KOSHER_POT, GF, DF, EF, SF, FISH_FREE, CRUST_FREE, MOLLUSC_FREE, NUT_FREE, PEANUT_FREE, SESAME_FREE, CELERY_FREE, MUSTARD_FREE, SULPHITE_FREE, LUPIN_FREE",tardor-hivern
allioli (opcional),-,"VG, V, P, PF, BF, AF, HALAL_POT, KOSHER_POT, GF, DF, EF, SF, FISH_FREE, CRUST_FREE, MOLLUSC_FREE, NUT_FREE, PEANUT_FREE, SESAME_FREE, CELERY_FREE, MUSTARD_FREE, SULPHITE_FREE, LUPIN_FREE",totes
ceps,-,"VG, V, P, PF, BF, AF, HALAL_POT, KOSHER_POT, GF, DF, EF, SF, FISH_FREE, CRUST_FREE, MOLLUSC_FREE, NUT_FREE, PEANUT_FREE, SESAME_FREE, CELERY_FREE, MUSTARD_FREE, SULPHITE_FREE, LUPIN_FREE",tardor
gall de sant pere,-,"PF, BF, AF, HALAL_POT, KOSHER_POT, GF, DF, EF, SF, FISH_FREE, CRUST_FREE, MOLLUSC_FREE, NUT_FREE, PEANUT_FREE, SESAME_FREE, CELERY_FREE, MUSTARD_FREE, SULPHITE_FREE, LUPIN_FREE",hivern-primavera
llagosta,Mol·luscs,"P, PF, BF, AF, HALAL_POT, GF, DF, EF, SF, FISH_FREE, CRUST_FREE, NUT_FREE, PEANUT_FREE, SESAME_FREE, CELERY_FREE, MUSTARD_FREE, SULPHITE_FREE, LUPIN_FREE",estiu
comí,-,"VG, V, P, PF, BF, AF, HALAL_POT, KOSHER_POT, GF, DF, EF, SF, FISH_FREE, CRUST_FREE, MOLLUSC_FREE, NUT_FREE, PEANUT_FREE, SESAME_FREE, CELERY_FREE, MUSTARD_FREE, SULPHITE_FREE, LUPIN_FREE",totes
coriandre,-,"VG, V, P, PF, BF, AF, HALAL_POT, KOSHER_POT, GF, DF, EF, SF, FISH_FREE, CRUST_FREE, MOLLUSC_FREE, NUT_FREE, PEANUT_FREE, SESAME_FREE, CELERY_FREE, MUSTARD_FREE, SULPHITE_FREE, LUPIN_FREE",primavera-estiu
tahina,Sèsam,"VG, V, P, PF, BF, AF, HALAL_POT, KOSHER_POT, GF, DF, EF, SF, FISH_FREE, CRUST_FREE, MOLLUSC_FREE, NUT_FREE, PEANUT_FREE, CELERY_FREE, MUSTARD_FREE, SULPHITE_FREE, LUPIN_FREE",totes
carabassa,-,"VG, V, P, PF, BF, AF, HALAL_POT, KOSHER_POT, GF, DF, EF, SF, FISH_FREE, CRUST_FREE, MOLLUSC_FREE, NUT_FREE, PEANUT_FREE, SESAME_FREE, CELERY_FREE, MUSTARD_FREE, SULPHITE_FREE, LUPIN_FREE",tardor-hivern
mascarpone,Llet,"V, P, PF, BF, AF, HALAL_POT, KOSHER_POT, GF, EF, SF, FISH_FREE, CRUST_FREE, MOLLUSC_FREE, NUT_FREE, PEANUT_FREE, SESAME_FREE, CELERY_FREE, MUSTARD_FREE, SULPHITE_FREE, LUPIN_FREE",totes
cafè,-,"VG, V, P, PF, BF, AF, HALAL_POT, KOSHER_POT, GF, DF, EF, SF, FISH_FREE, CRUST_FREE, MOLLUSC_FREE, NUT_FREE, PEANUT_FREE, SESAME_FREE, CELERY_FREE, MUSTARD_FREE, SULPHITE_FREE, LUPIN_FREE",totes
cogombre,-,"VG, V, P, PF, BF, AF, HALAL_POT, KOSHER_POT, GF, DF, EF, SF, FISH_FREE, CRUST_FREE, MOLLUSC_FREE, NUT_FREE, PEANUT_FREE, SESAME_FREE, CELERY_FREE, MUSTARD_FREE, SULPHITE_FREE, LUPIN_FREE",estiu
formatge feta,Llet,"V, P, PF, BF, AF, HALAL_POT, KOSHER_POT, GF, EF, SF, FISH_FREE, CRUST_FREE, MOLLUSC_FREE, NUT_FREE, PEANUT_FREE, SESAME_FREE, CELERY_FREE, MUSTARD_FREE, SULPHITE_FREE, LUPIN_FREE",totes
pistatxos,Fruits secs,"VG, V, P, PF, BF, AF, HALAL_POT, KOSHER_POT, GF, DF, EF, SF, FISH_FREE, CRUST_FREE, MOLLUSC_FREE, PEANUT_FREE, SESAME_FREE, CELERY_FREE, MUSTARD_FREE, SULPHITE_FREE, LUPIN_FREE",tardor-hivern
fartons,-,"VG, V, P, PF, BF, AF, HALAL_POT, KOSHER_POT, GF, DF, EF, SF, FISH_FREE, CRUST_FREE, MOLLUSC_FREE, NUT_FREE, PEANUT_FREE, SESAME_FREE, CELERY_FREE, MUSTARD_FREE, SULPHITE_FREE, LUPIN_FREE",totes
orxata de xufa,-,"VG, V, P, PF, BF, AF, HALAL_POT, KOSHER_POT, GF, DF, EF, SF, FISH_FREE, CRUST_FREE, MOLLUSC_FREE, NUT_FREE, PEANUT_FREE, SESAME_FREE, CELERY_FREE, MUSTARD_FREE, SULPHITE_FREE, LUPIN_FREE",estiu
gelats variats,-,"VG, V, P, PF, BF, AF, HALAL_POT, KOSHER_POT, GF, DF, EF, SF, FISH_FREE, CRUST_FREE, MOLLUSC_FREE, NUT_FREE, PEANUT_FREE, SESAME_FREE, CELERY_FREE, MUSTARD_FREE, SULPHITE_FREE, LUPIN_FREE",estiu
bacó,-,"PF, BF, AF, HALAL_POT, KOSHER_POT, GF, DF, EF, SF, FISH_FREE, CRUST_FREE, MOLLUSC_FREE, NUT_FREE, PEANUT_FREE, SESAME_FREE, CELERY_FREE, MUSTARD_FREE, SULPHITE_FREE, LUPIN_FREE",totes
torró d'alacant,Fruits secs,"VG, V, P, PF, BF, AF, HALAL_POT, KOSHER_POT, GF, DF, EF, SF, FISH_FREE, CRUST_FREE, MOLLUSC_FREE, PEANUT_FREE, SESAME_FREE, CELERY_FREE, MUSTARD_FREE, SULPHITE_FREE, LUPIN_FREE",tardor-hivern
pop cuit,Mol·luscs,"P, PF, BF, AF, HALAL_POT, GF, DF, EF, SF, FISH_FREE, CRUST_FREE, NUT_FREE, PEANUT_FREE, SESAME_FREE, CELERY_FREE, MUSTARD_FREE, SULPHITE_FREE, LUPIN_FREE",totes
fruita variada,-,"VG, V, P, PF, BF, AF, HALAL_POT, KOSHER_POT, GF, DF, EF, SF, FISH_FREE, CRUST_FREE, MOLLUSC_FREE, NUT_FREE, PEANUT_FREE, SESAME_FREE, CELERY_FREE, MUSTARD_FREE, SULPHITE_FREE, LUPIN_FREE",primavera-estiu-tardor
granola (opcional),-,"VG, V, P, PF, BF, AF, HALAL_POT, KOSHER_POT, GF, DF, EF, SF, FISH_FREE, CRUST_FREE, MOLLUSC_FREE, NUT_FREE, PEANUT_FREE, SESAME_FREE, CELERY_FREE, MUSTARD_FREE, SULPHITE_FREE, LUPIN_FREE",totes
clares,Ous,"V, P, PF, BF, AF, HALAL_POT, KOSHER_POT, GF, DF, SF, FISH_FREE, CRUST_FREE, MOLLUSC_FREE, NUT_FREE, PEANUT_FREE, SESAME_FREE, CELERY_FREE, MUSTARD_FREE, SULPHITE_FREE, LUPIN_FREE",totes
gerds,-,"VG, V, P, PF, BF, AF, HALAL_POT, KOSHER_POT, GF, DF, EF, SF, FISH_FREE, CRUST_FREE, MOLLUSC_FREE, NUT_FREE, PEANUT_FREE, SESAME_FREE, CELERY_FREE, MUSTARD_FREE, SULPHITE_FREE, LUPIN_FREE",primavera-estiu
sèsam torrat,Sèsam,"VG, V, P, PF, BF, AF, HALAL_POT, KOSHER_POT, GF, DF, EF, SF, FISH_FREE, CRUST_FREE, MOLLUSC_FREE, NUT_FREE, PEANUT_FREE, CELERY_FREE, MUSTARD_FREE, SULPHITE_FREE, LUPIN_FREE",totes
cibulet,-,"VG, V, P, PF, BF, AF, HALAL_POT, KOSHER_POT, GF, DF, EF, SF, FISH_FREE, CRUST_FREE, MOLLUSC_FREE, NUT_FREE, PEANUT_FREE, SESAME_FREE, CELERY_FREE, MUSTARD_FREE, SULPHITE_FREE, LUPIN_FREE",primavera-estiu-tardor
salmó,Peix,"P, PF, BF, AF, HALAL_POT, KOSHER_POT, GF, DF, EF, SF, CRUST_FREE, MOLLUSC_FREE, NUT_FREE, PEANUT_FREE, SESAME_FREE, CELERY_FREE, MUSTARD_FREE, SULPHITE_FREE, LUPIN_FREE",totes
clotxines,Mol·luscs,"P, PF, BF, AF, HALAL_POT, GF, DF, EF, SF, FISH_FREE, CRUST_FREE, NUT_FREE, PEANUT_FREE, SESAME_FREE, CELERY_FREE, MUSTARD_FREE, SULPHITE_FREE, LUPIN_FREE",primavera-estiu
tàperes,-,"VG, V, P, PF, BF, AF, HALAL_POT, KOSHER_POT, GF, DF, EF, SF, FISH_FREE, CRUST_FREE, MOLLUSC_FREE, NUT_FREE, PEANUT_FREE, SESAME_FREE, CELERY_FREE, MUSTARD_FREE, SULPHITE_FREE, LUPIN_FREE",primavera-estiu
vinagre balsàmic,-,"VG, V, P, PF, BF, AF, HALAL_POT, KOSHER_POT, GF, DF, EF, SF, FISH_FREE, CRUST_FREE, MOLLUSC_FREE, NUT_FREE, PEANUT_FREE, SESAME_FREE, CELERY_FREE, MUSTARD_FREE, SULPHITE_FREE, LUPIN_FREE",totes
vedella làmines fines,-,"PF, AF, HALAL_POT, KOSHER_POT, GF, DF, EF, SF, FISH_FREE, CRUST_FREE, MOLLUSC_FREE, NUT_FREE, PEANUT_FREE, SESAME_FREE, CELERY_FREE, MUSTARD_FREE, SULPHITE_FREE, LUPIN_FREE",totes
ruca,-,"VG, V, P, PF, BF, AF, HALAL_POT, KOSHER_POT, GF, DF, EF, SF, FISH_FREE, CRUST_FREE, MOLLUSC_FREE, NUT_FREE, PEANUT_FREE, SESAME_FREE, CELERY_FREE, MUSTARD_FREE, SULPHITE_FREE, LUPIN_FREE",primavera-estiu
corvina,Peix,"P, PF, BF, AF, HALAL_POT, KOSHER_POT, GF, DF, EF, SF, CRUST_FREE, MOLLUSC_FREE, NUT_FREE, PEANUT_FREE, SESAME_FREE, CELERY_FREE, MUSTARD_FREE, SULPHITE_FREE, LUPIN_FREE",totes
llima,-,"VG, V, P, PF, BF, AF, HALAL_POT, KOSHER_POT, GF, DF, EF, SF, FISH_FREE, CRUST_FREE, MOLLUSC_FREE, NUT_FREE, PEANUT_FREE, SESAME_FREE, CELERY_FREE, MUSTARD_FREE, SULPHITE_FREE, LUPIN_FREE",primavera-estiu
ceba morada,-,"VG, V, P, PF, BF, AF, HALAL_POT, KOSHER_POT, GF, DF, EF, SF, FISH_FREE, CRUST_FREE, MOLLUSC_FREE, NUT_FREE, PEANUT_FREE, SESAME_FREE, CELERY_FREE, MUSTARD_FREE, SULPHITE_FREE, LUPIN_FREE",totes
oli de sèsam,Sèsam,"VG, V, P, PF, BF, AF, HALAL_POT, KOSHER_POT, GF, DF, EF, SF, FISH_FREE, CRUST_FREE, MOLLUSC_FREE, NUT_FREE, PEANUT_FREE, CELERY_FREE, MUSTARD_FREE, SULPHITE_FREE, LUPIN_FREE",totes
làmina de pasta,Gluten,"VG, V, P, PF, BF, AF, HALAL_POT, KOSHER_POT, DF, EF, SF, FISH_FREE, CRUST_FREE, MOLLUSC_FREE, NUT_FREE, PEANUT_FREE, SESAME_FREE, CELERY_FREE, MUSTARD_FREE, SULPHITE_FREE, LUPIN_FREE",totes
encurtits fins,-,"VG, V, P, PF, BF, AF, HALAL_POT, KOSHER_POT, GF, DF, EF, SF, FISH_FREE, CRUST_FREE, MOLLUSC_FREE, NUT_FREE, PEANUT_FREE, SESAME_FREE, CELERY_FREE, MUSTARD_FREE, SULPHITE_FREE, LUPIN_FREE",totes
ous de guatlla,Ous,"PF, BF, AF, HALAL_POT, KOSHER_POT, GF, DF, SF, FISH_FREE, CRUST_FREE, MOLLUSC_FREE, NUT_FREE, PEANUT_FREE, SESAME_FREE, CELERY_FREE, MUSTARD_FREE, SULPHITE_FREE, LUPIN_FREE",totes
paté,-,"VG, V, P, PF, BF, AF, HALAL_POT, KOSHER_POT, GF, DF, EF, SF, FISH_FREE, CRUST_FREE, MOLLUSC_FREE, NUT_FREE, PEANUT_FREE, SESAME_FREE, CELERY_FREE, MUSTARD_FREE, SULPHITE_FREE, LUPIN_FREE",totes
síndria,-,"VG, V, P, PF, BF, AF, HALAL_POT, KOSHER_POT, GF, DF, EF, SF, FISH_FREE, CRUST_FREE, MOLLUSC_FREE, NUT_FREE, PEANUT_FREE, SESAME_FREE, CELERY_FREE, MUSTARD_FREE, SULPHITE_FREE, LUPIN_FREE",estiu
gamba crua tallada,Crustacis,"P, PF, BF, AF, HALAL_POT, GF, DF, EF, SF, FISH_FREE, MOLLUSC_FREE, NUT_FREE, PEANUT_FREE, SESAME_FREE, CELERY_FREE, MUSTARD_FREE, SULPHITE_FREE, LUPIN_FREE",estiu
pa de motlle torrat,Gluten,"VG, V, P, PF, BF, AF, HALAL_POT, KOSHER_POT, DF, EF, SF, FISH_FREE, CRUST_FREE, MOLLUSC_FREE, NUT_FREE, PEANUT_FREE, SESAME_FREE, CELERY_FREE, MUSTARD_FREE, SULPHITE_FREE, LUPIN_FREE",totes
salmó fumat,Peix,"P, PF, BF, AF, HALAL_POT, KOSHER_POT, GF, DF, EF, SF, CRUST_FREE, MOLLUSC_FREE, NUT_FREE, PEANUT_FREE, SESAME_FREE, CELERY_FREE, MUSTARD_FREE, SULPHITE_FREE, LUPIN_FREE",totes
crema agra,Llet,"V, P, PF, BF, AF, HALAL_POT, KOSHER_POT, GF, EF, SF, FISH_FREE, CRUST_FREE, MOLLUSC_FREE, NUT_FREE, PEANUT_FREE, SESAME_FREE, CELERY_FREE, MUSTARD_FREE, SULPHITE_FREE, LUPIN_FREE",totes
anet,-,"VG, V, P, PF, BF, AF, HALAL_POT, KOSHER_POT, GF, DF, EF, SF, FISH_FREE, CRUST_FREE, MOLLUSC_FREE, NUT_FREE, PEANUT_FREE, SESAME_FREE, CELERY_FREE, MUSTARD_FREE, SULPHITE_FREE, LUPIN_FREE",primavera-estiu-tardor
fulles d'endívia,-,"VG, V, P, PF, BF, AF, HALAL_POT, KOSHER_POT, GF, DF, EF, SF, FISH_FREE, CRUST_FREE, MOLLUSC_FREE, NUT_FREE, PEANUT_FREE, SESAME_FREE, CELERY_FREE, MUSTARD_FREE, SULPHITE_FREE, LUPIN_FREE",totes
formatge blau,Llet,"V, P, PF, BF, AF, HALAL_POT, KOSHER_POT, GF, EF, SF, FISH_FREE, CRUST_FREE, MOLLUSC_FREE, NUT_FREE, PEANUT_FREE, SESAME_FREE, CELERY_FREE, MUSTARD_FREE, SULPHITE_FREE, LUPIN_FREE",totes
remolatxa cuita,-,"VG, V, P, PF, BF, AF, HALAL_POT, KOSHER_POT, GF, DF, EF, SF, FISH_FREE, CRUST_FREE, MOLLUSC_FREE, NUT_FREE, PEANUT_FREE, SESAME_FREE, CELERY_FREE, MUSTARD_FREE, SULPHITE_FREE, LUPIN_FREE",tardor-hivern
suc de llima,-,"VG, V, P, PF, BF, AF, HALAL_POT, KOSHER_POT, GF, DF, EF, SF, FISH_FREE, CRUST_FREE, MOLLUSC_FREE, NUT_FREE, PEANUT_FREE, SESAME_FREE, CELERY_FREE, MUSTARD_FREE, SULPHITE_FREE, LUPIN_FREE",primavera-estiu
vieira,Mol·luscs,"P, PF, BF, AF, HALAL_POT, GF, DF, EF, SF, FISH_FREE, CRUST_FREE, NUT_FREE, PEANUT_FREE, SESAME_FREE, CELERY_FREE, MUSTARD_FREE, SULPHITE_FREE, LUPIN_FREE",hivern
lloms de bacallà dessalat,Peix,"P, PF, BF, AF, HALAL_POT, KOSHER_POT, GF, DF, EF, SF, CRUST_FREE, MOLLUSC_FREE, NUT_FREE, PEANUT_FREE, SESAME_FREE, CELERY_FREE, MUSTARD_FREE, SULPHITE_FREE, LUPIN_FREE",totes
xistorra,-,"VG, V, P, BF, AF, GF, DF, EF, SF, FISH_FREE, CRUST_FREE, MOLLUSC_FREE, NUT_FREE, PEANUT_FREE, SESAME_FREE, CELERY_FREE, MUSTARD_FREE, SULPHITE_FREE, LUPIN_FREE",totes
sidra,-,"VG, V, P, PF, BF, KOSHER_POT, GF, DF, EF, SF, FISH_FREE, CRUST_FREE, MOLLUSC_FREE, NUT_FREE, PEANUT_FREE, SESAME_FREE, CELERY_FREE, MUSTARD_FREE, SULPHITE_FREE, LUPIN_FREE",tardor-hivern
pollastre rostit,-,"PF, BF, AF, HALAL_POT, KOSHER_POT, GF, DF, EF, SF, FISH_FREE, CRUST_FREE, MOLLUSC_FREE, NUT_FREE, PEANUT_FREE, SESAME_FREE, CELERY_FREE, MUSTARD_FREE, SULPHITE_FREE, LUPIN_FREE",totes
pernil picat,-,"BF, AF, GF, DF, EF, SF, FISH_FREE, CRUST_FREE, MOLLUSC_FREE, NUT_FREE, PEANUT_FREE, SESAME_FREE, CELERY_FREE, MUSTARD_FREE, SULPHITE_FREE, LUPIN_FREE",totes
all en pols,-,"VG, V, P, PF, BF, AF, HALAL_POT, KOSHER_POT, GF, DF, EF, SF, FISH_FREE, CRUST_FREE, MOLLUSC_FREE, NUT_FREE, PEANUT_FREE, SESAME_FREE, CELERY_FREE, MUSTARD_FREE, SULPHITE_FREE, LUPIN_FREE",totes
pebre de caiena,-,"VG, V, P, PF, BF, AF, HALAL_POT, KOSHER_POT, GF, DF, EF, SF, FISH_FREE, CRUST_FREE, MOLLUSC_FREE, NUT_FREE, PEANUT_FREE, SESAME_FREE, CELERY_FREE, MUSTARD_FREE, SULPHITE_FREE, LUPIN_FREE",totes
pasta brick,Gluten,"VG, V, P, PF, BF, AF, HALAL_POT, KOSHER_POT, DF, EF, SF, FISH_FREE, CRUST_FREE, MOLLUSC_FREE, NUT_FREE, PEANUT_FREE, SESAME_FREE, CELERY_FREE, MUSTARD_FREE, SULPHITE_FREE, LUPIN_FREE",totes
filo,-,"VG, V, P, PF, BF, AF, HALAL_POT, KOSHER_POT, GF, DF, EF, SF, FISH_FREE, CRUST_FREE, MOLLUSC_FREE, NUT_FREE, PEANUT_FREE, SESAME_FREE, CELERY_FREE, MUSTARD_FREE, SULPHITE_FREE, LUPIN_FREE",totes
curry,-,"VG, V, P, PF, BF, AF, HALAL_POT, KOSHER_POT, GF, DF, EF, SF, FISH_FREE, CRUST_FREE, MOLLUSC_FREE, NUT_FREE, PEANUT_FREE, SESAME_FREE, CELERY_FREE, MUSTARD_FREE, SULPHITE_FREE, LUPIN_FREE",totes
panet mini,-,"VG, V, P, PF, BF, AF, HALAL_POT, KOSHER_POT, GF, DF, EF, SF, FISH_FREE, CRUST_FREE, MOLLUSC_FREE, NUT_FREE, PEANUT_FREE, SESAME_FREE, CELERY_FREE, MUSTARD_FREE, SULPHITE_FREE, LUPIN_FREE",totes
ceba cruixent,-,"VG, V, P, PF, BF, AF, HALAL_POT, KOSHER_POT, GF, DF, EF, SF, FISH_FREE, CRUST_FREE, MOLLUSC_FREE, NUT_FREE, PEANUT_FREE, SESAME_FREE, CELERY_FREE, MUSTARD_FREE, SULPHITE_FREE, LUPIN_FREE",totes
ales de pollastre,-,"PF, BF, AF, HALAL_POT, KOSHER_POT, GF, DF, EF, SF, FISH_FREE, CRUST_FREE, MOLLUSC_FREE, NUT_FREE, PEANUT_FREE, SESAME_FREE, CELERY_FREE, MUSTARD_FREE, SULPHITE_FREE, LUPIN_FREE",totes
paprika,-,"VG, V, P, PF, BF, AF, HALAL_POT, KOSHER_POT, GF, DF, EF, SF, FISH_FREE, CRUST_FREE, MOLLUSC_FREE, NUT_FREE, PEANUT_FREE, SESAME_FREE, CELERY_FREE, MUSTARD_FREE, SULPHITE_FREE, LUPIN_FREE",totes
tomàquet triturat,-,"VG, V, P, PF, BF, AF, HALAL_POT, KOSHER_POT, GF, DF, EF, SF, FISH_FREE, CRUST_FREE, MOLLUSC_FREE, NUT_FREE, PEANUT_FREE, SESAME_FREE, CELERY_FREE, MUSTARD_FREE, SULPHITE_FREE, LUPIN_FREE",estiu-tardor
fuet,-,"BF, AF, GF, DF, EF, SF, FISH_FREE, CRUST_FREE, MOLLUSC_FREE, NUT_FREE, PEANUT_FREE, SESAME_FREE, CELERY_FREE, MUSTARD_FREE, SULPHITE_FREE, LUPIN_FREE",totes
pa amb tomàquet,Gluten,"VG, V, P, PF, BF, AF, HALAL_POT, KOSHER_POT, DF, EF, SF, FISH_FREE, CRUST_FREE, MOLLUSC_FREE, NUT_FREE, PEANUT_FREE, SESAME_FREE, CELERY_FREE, MUSTARD_FREE, SULPHITE_FREE, LUPIN_FREE",estiu-tardor
formatges de pastor,-,"VG, V, P, PF, BF, AF, HALAL_POT, KOSHER_POT, GF, DF, EF, SF, FISH_FREE, CRUST_FREE, MOLLUSC_FREE, NUT_FREE, PEANUT_FREE, SESAME_FREE, CELERY_FREE, MUSTARD_FREE, SULPHITE_FREE, LUPIN_FREE",totes
oliva verda,-,"VG, V, P, PF, BF, AF, HALAL_POT, KOSHER_POT, GF, DF, EF, SF, FISH_FREE, CRUST_FREE, MOLLUSC_FREE, NUT_FREE, PEANUT_FREE, SESAME_FREE, CELERY_FREE, MUSTARD_FREE, SULPHITE_FREE, LUPIN_FREE",tardor-hivern
anxova,Peix,"P, PF, BF, AF, HALAL_POT, KOSHER_POT, GF, DF, EF, SF, CRUST_FREE, MOLLUSC_FREE, NUT_FREE, PEANUT_FREE, SESAME_FREE, CELERY_FREE, MUSTARD_FREE, SULPHITE_FREE, LUPIN_FREE",totes
bitxo verd en vinagre,-,"VG, V, P, PF, BF, AF, HALAL_POT, KOSHER_POT, GF, DF, EF, SF, FISH_FREE, CRUST_FREE, MOLLUSC_FREE, NUT_FREE, PEANUT_FREE, SESAME_FREE, CELERY_FREE, MUSTARD_FREE, SULPHITE_FREE, LUPIN_FREE",totes
tomàquet cherry,-,"VG, V, P, PF, BF, AF, HALAL_POT, KOSHER_POT, GF, DF, EF, SF, FISH_FREE, CRUST_FREE, MOLLUSC_FREE, NUT_FREE, PEANUT_FREE, SESAME_FREE, CELERY_FREE, MUSTARD_FREE, SULPHITE_FREE, LUPIN_FREE",estiu-tardor
mozzarella mini,Llet,"V, P, PF, BF, AF, HALAL_POT, KOSHER_POT, GF, EF, SF, FISH_FREE, CRUST_FREE, MOLLUSC_FREE, NUT_FREE, PEANUT_FREE, SESAME_FREE, CELERY_FREE, MUSTARD_FREE, SULPHITE_FREE, LUPIN_FREE",totes
codony,-,"VG, V, P, PF, BF, AF, HALAL_POT, KOSHER_POT, GF, DF, EF, SF, FISH_FREE, CRUST_FREE, MOLLUSC_FREE, NUT_FREE, PEANUT_FREE, SESAME_FREE, CELERY_FREE, MUSTARD_FREE, SULPHITE_FREE, LUPIN_FREE",tardor
morro de bacallà,Peix,"P, PF, BF, AF, HALAL_POT, KOSHER_POT, GF, DF, EF, SF, CRUST_FREE, MOLLUSC_FREE, NUT_FREE, PEANUT_FREE, SESAME_FREE, CELERY_FREE, MUSTARD_FREE, SULPHITE_FREE, LUPIN_FREE",totes
tripa de bacallà,Peix,"PF, AF, HALAL_POT, KOSHER_POT, GF, DF, EF, SF, CRUST_FREE, MOLLUSC_FREE, NUT_FREE, PEANUT_FREE, SESAME_FREE, CELERY_FREE, MUSTARD_FREE, SULPHITE_FREE, LUPIN_FREE",totes
tartaletes salades,-,"VG, V, P, PF, BF, AF, HALAL_POT, KOSHER_POT, GF, DF, EF, SF, FISH_FREE, CRUST_FREE, MOLLUSC_FREE, NUT_FREE, PEANUT_FREE, SESAME_FREE, CELERY_FREE, MUSTARD_FREE, SULPHITE_FREE, LUPIN_FREE",totes
pit de pollastre cuit,-,"PF, BF, AF, HALAL_POT, KOSHER_POT, GF, DF, EF, SF, FISH_FREE, CRUST_FREE, MOLLUSC_FREE, NUT_FREE, PEANUT_FREE, SESAME_FREE, CELERY_FREE, MUSTARD_FREE, SULPHITE_FREE, LUPIN_FREE",totes
nachos,-,"VG, V, P, PF, BF, AF, HALAL_POT, KOSHER_POT, GF, DF, EF, SF, FISH_FREE, CRUST_FREE, MOLLUSC_FREE, NUT_FREE, PEANUT_FREE, SESAME_FREE, CELERY_FREE, MUSTARD_FREE, SULPHITE_FREE, LUPIN_FREE",totes
truita de blat,Gluten,"VG, V, P, PF, BF, AF, HALAL_POT, KOSHER_POT, DF, EF, SF, FISH_FREE, CRUST_FREE, MOLLUSC_FREE, NUT_FREE, PEANUT_FREE, SESAME_FREE, CELERY_FREE, MUSTARD_FREE, SULPHITE_FREE, LUPIN_FREE",totes
gall dindi rostit,-,"PF, BF, AF, HALAL_POT, KOSHER_POT, GF, DF, EF, SF, FISH_FREE, CRUST_FREE, MOLLUSC_FREE, NUT_FREE, PEANUT_FREE, SESAME_FREE, CELERY_FREE, MUSTARD_FREE, SULPHITE_FREE, LUPIN_FREE",totes
espècies suaus,-,"VG, V, P, PF, BF, AF, HALAL_POT, KOSHER_POT, GF, DF, EF, SF, FISH_FREE, CRUST_FREE, MOLLUSC_FREE, NUT_FREE, PEANUT_FREE, SESAME_FREE, CELERY_FREE, MUSTARD_FREE, SULPHITE_FREE, LUPIN_FREE",totes
provolone,Llet,"V, P, PF, BF, AF, HALAL_POT, KOSHER_POT, GF, EF, SF, FISH_FREE, CRUST_FREE, MOLLUSC_FREE, NUT_FREE, PEANUT_FREE, SESAME_FREE, CELERY_FREE, MUSTARD_FREE, SULPHITE_FREE, LUPIN_FREE",totes
massa d'empanadilla,Gluten,"VG, V, P, PF, BF, AF, HALAL_POT, KOSHER_POT, DF, EF, SF, FISH_FREE, CRUST_FREE, MOLLUSC_FREE, NUT_FREE, PEANUT_FREE, SESAME_FREE, CELERY_FREE, MUSTARD_FREE, SULPHITE_FREE, LUPIN_FREE",totes
ou (opcional),Ous,"V, P, PF, BF, AF, HALAL_POT, KOSHER_POT, GF, DF, SF, FISH_FREE, CRUST_FREE, MOLLUSC_FREE, NUT_FREE, PEANUT_FREE, SESAME_FREE, CELERY_FREE, MUSTARD_FREE, SULPHITE_FREE, LUPIN_FREE",totes
bolets mixtos,-,"VG, V, P, PF, BF, AF, HALAL_POT, KOSHER_POT, GF, DF, EF, SF, FISH_FREE, CRUST_FREE, MOLLUSC_FREE, NUT_FREE, PEANUT_FREE, SESAME_FREE, CELERY_FREE, MUSTARD_FREE, SULPHITE_FREE, LUPIN_FREE",tardor
farina de cigró,-,"VG, V, P, PF, BF, AF, HALAL_POT, KOSHER_POT, GF, DF, EF, SF, FISH_FREE, CRUST_FREE, MOLLUSC_FREE, NUT_FREE, PEANUT_FREE, SESAME_FREE, CELERY_FREE, MUSTARD_FREE, SULPHITE_FREE, LUPIN_FREE",totes
crema formatge,Llet,"V, P, PF, BF, AF, HALAL_POT, KOSHER_POT, GF, EF, SF, FISH_FREE, CRUST_FREE, MOLLUSC_FREE, NUT_FREE, PEANUT_FREE, SESAME_FREE, CELERY_FREE, MUSTARD_FREE, SULPHITE_FREE, LUPIN_FREE",totes
cacau en pols,-,"VG, V, P, PF, BF, AF, HALAL_POT, KOSHER_POT, GF, DF, EF, SF, FISH_FREE, CRUST_FREE, MOLLUSC_FREE, NUT_FREE, PEANUT_FREE, SESAME_FREE, CELERY_FREE, MUSTARD_FREE, SULPHITE_FREE, LUPIN_FREE",totes
pastanaga ratllada,-,"VG, V, P, PF, BF, AF, HALAL_POT, KOSHER_POT, GF, DF, EF, SF, FISH_FREE, CRUST_FREE, MOLLUSC_FREE, NUT_FREE, PEANUT_FREE, SESAME_FREE, CELERY_FREE, MUSTARD_FREE, SULPHITE_FREE, LUPIN_FREE",tardor-hivern-primavera
pebrot rostit,-,"VG, V, P, PF, BF, AF, HALAL_POT, KOSHER_POT, GF, DF, EF, SF, FISH_FREE, CRUST_FREE, MOLLUSC_FREE, NUT_FREE, PEANUT_FREE, SESAME_FREE, CELERY_FREE, MUSTARD_FREE, SULPHITE_FREE, LUPIN_FREE",estiu-tardor
sèmola,Gluten,"VG, V, P, PF, BF, AF, HALAL_POT, KOSHER_POT, DF, EF, SF, FISH_FREE, CRUST_FREE, MOLLUSC_FREE, NUT_FREE, PEANUT_FREE, SESAME_FREE, CELERY_FREE, MUSTARD_FREE, SULPHITE_FREE, LUPIN_FREE",totes
ou (per a l'allioli),Ous,"V, P, PF, BF, AF, HALAL_POT, KOSHER_POT, GF, DF, SF, FISH_FREE, CRUST_FREE, MOLLUSC_FREE, NUT_FREE, PEANUT_FREE, SESAME_FREE, CELERY_FREE, MUSTARD_FREE, SULPHITE_FREE, LUPIN_FREE",totes
melmelades,-,"VG, V, P, PF, BF, AF, HALAL_POT, KOSHER_POT, GF, DF, EF, SF, FISH_FREE, CRUST_FREE, MOLLUSC_FREE, NUT_FREE, PEANUT_FREE, SESAME_FREE, CELERY_FREE, MUSTARD_FREE, SULPHITE_FREE, LUPIN_FREE",totes
olives verdes,-,"VG, V, P, PF, BF, AF, HALAL_POT, KOSHER_POT, GF, DF, EF, SF, FISH_FREE, CRUST_FREE, MOLLUSC_FREE, NUT_FREE, PEANUT_FREE, SESAME_FREE, CELERY_FREE, MUSTARD_FREE, SULPHITE_FREE, LUPIN_FREE",tardor-hivern
pebrot envinagrat,-,"VG, V, P, PF, BF, AF, HALAL_POT, KOSHER_POT, GF, DF, EF, SF, FISH_FREE, CRUST_FREE, MOLLUSC_FREE, NUT_FREE, PEANUT_FREE, SESAME_FREE, CELERY_FREE, MUSTARD_FREE, SULPHITE_FREE, LUPIN_FREE",totes
cebes petites,-,"VG, V, P, PF, BF, AF, HALAL_POT, KOSHER_POT, GF, DF, EF, SF, FISH_FREE, CRUST_FREE, MOLLUSC_FREE, NUT_FREE, PEANUT_FREE, SESAME_FREE, CELERY_FREE, MUSTARD_FREE, SULPHITE_FREE, LUPIN_FREE",totes
cogombrets,-,"VG, V, P, PF, BF, AF, HALAL_POT, KOSHER_POT, GF, DF, EF, SF, FISH_FREE, CRUST_FREE, MOLLUSC_FREE, NUT_FREE, PEANUT_FREE, SESAME_FREE, CELERY_FREE, MUSTARD_FREE, SULPHITE_FREE, LUPIN_FREE",totes
pernil tall,-,"BF, AF, GF, DF, EF, SF, FISH_FREE, CRUST_FREE, MOLLUSC_FREE, NUT_FREE, PEANUT_FREE, SESAME_FREE, CELERY_FREE, MUSTARD_FREE, SULPHITE_FREE, LUPIN_FREE",totes
mirin,-,"VG, V, P, PF, BF, AF, HALAL_POT, KOSHER_POT, GF, DF, EF, SF, FISH_FREE, CRUST_FREE, MOLLUSC_FREE, NUT_FREE, PEANUT_FREE, SESAME_FREE, CELERY_FREE, MUSTARD_FREE, SULPHITE_FREE, LUPIN_FREE",totes
gingebre,-,"VG, V, P, PF, BF, AF, HALAL_POT, KOSHER_POT, GF, DF, EF, SF, FISH_FREE, CRUST_FREE, MOLLUSC_FREE, NUT_FREE, PEANUT_FREE, SESAME_FREE, CELERY_FREE, MUSTARD_FREE, SULPHITE_FREE, LUPIN_FREE",totes
col,-,"VG, V, P, PF, BF, AF, HALAL_POT, KOSHER_POT, GF, DF, EF, SF, FISH_FREE, CRUST_FREE, MOLLUSC_FREE, NUT_FREE, PEANUT_FREE, SESAME_FREE, CELERY_FREE, MUSTARD_FREE, SULPHITE_FREE, LUPIN_FREE",tardor-hivern
pernil ibèric,-,"BF, AF, GF, DF, EF, SF, FISH_FREE, CRUST_FREE, MOLLUSC_FREE, NUT_FREE, PEANUT_FREE, SESAME_FREE, CELERY_FREE, MUSTARD_FREE, SULPHITE_FREE, LUPIN_FREE",totes
cilantre,-,"VG, V, P, PF, BF, AF, HALAL_POT, KOSHER_POT, GF, DF, EF, SF, FISH_FREE, CRUST_FREE, MOLLUSC_FREE, NUT_FREE, PEANUT_FREE, SESAME_FREE, CELERY_FREE, MUSTARD_FREE, SULPHITE_FREE, LUPIN_FREE",primavera-estiu
formatge brie,Llet,"V, P, PF, BF, AF, HALAL_POT, KOSHER_POT, GF, EF, SF, FISH_FREE, CRUST_FREE, MOLLUSC_FREE, NUT_FREE, PEANUT_FREE, SESAME_FREE, CELERY_FREE, MUSTARD_FREE, SULPHITE_FREE, LUPIN_FREE",totes
